vehicleId,driverId,updatedAt,enginePowerState.value,speed.value,engineHours.value,odometer.value,fuelLevel.value,fuelTemperature.value,engineOilPressure.value,metaData.driverBehavior.longitudinalAcceleration_ms2,metaData.driverBehavior.brakePosition_pct,metaData.eldFuelRecord.fuelRateLitersPerHours,metaData.eldFuelRecord.idleFuelConsumedLiters,metaData.eldFuelRecord.fuelIntegratedLiters
VEH_001,68b89b2d4f65cd554d7511bd,2025-11-01T00:00:00,ON,47.99,1,47.99,82.12,39.6,50.8,-0.34,10,21.9,0,2.88
VEH_001,68b89b2d4f65cd554d7511bd,2025-11-01T01:00:00,ON,47.34,2,95.33,79.28,39.2,48.8,0.15,1,21.7,0,5.72
VEH_001,68b89b2d4f65cd554d7511bd,2025-11-01T02:00:00,ON,50.89,3,146.23,76.23,39.2,49.8,-0.1,27,22.77,0,8.77
VEH_001,68b89b2d4f65cd554d7511bd,2025-11-01T03:00:00,ON,58.47,4,204.7,72.72,39.1,52.9,0.12,43,25.04,0,12.28
VEH_001,68b89b2d4f65cd554d7511bd,2025-11-01T04:00:00,ON,58.7,5,263.4,69.2,38.9,53.6,0.11,20,25.11,0,15.8
VEH_001,68b89b2d4f65cd554d7511bd,2025-11-01T05:00:00,ON,57.91,6,321.31,65.72,38.1,55.9,-0.48,1,24.87,0,19.28
VEH_001,68b89b2d4f65cd554d7511bd,2025-11-01T06:00:00,ON,60.86,7,382.16,62.07,37.7,53.6,0,46,25.76,0,22.93
VEH_001,68b89b2d4f65cd554d7511bd,2025-11-01T07:00:00,ON,55.63,8,437.79,58.73,37.9,50.6,-0.07,41,24.19,0,26.27
VEH_001,68b89b2d4f65cd554d7511bd,2025-11-01T08:00:00,ON,56.71,9,494.51,55.33,37.8,55.7,-0.1,35,24.51,0,29.67
VEH_001,68b89b2d4f65cd554d7511bd,2025-11-01T09:00:00,ON,58.28,10,552.79,51.83,37.8,52.5,-0.11,17,24.98,0,33.17
VEH_001,68b89b2d4f65cd554d7511bd,2025-11-01T10:00:00,ON,58.91,11,611.7,48.3,37.8,54.5,-0.22,28,25.17,0,36.7
VEH_001,68b89b2d4f65cd554d7511bd,2025-11-01T11:00:00,ON,63.75,12,675.45,44.47,38.1,57.1,0.23,32,26.62,0,40.53
VEH_001,68b89b2d4f65cd554d7511bd,2025-11-01T12:00:00,ON,65.45,13,740.9,40.55,38.3,56.1,0.35,11,27.13,0,44.45
VEH_001,68b89b2d4f65cd554d7511bd,2025-11-01T13:00:00,ON,62.74,14,803.64,36.78,38.8,52.4,0.14,26,26.32,0,48.22
VEH_001,68b89b2d4f65cd554d7511bd,2025-11-01T14:00:00,ON,63.72,15,867.36,32.96,39,56.8,-0.26,13,26.62,0,52.04
VEH_001,68b89b2d4f65cd554d7511bd,2025-11-01T15:00:00,ON,63.62,16,930.98,29.14,39,54.1,-0.19,31,26.59,0,55.86
VEH_001,68b89b2d4f65cd554d7511bd,2025-11-01T16:00:00,ON,66.75,17,997.72,25.14,38.4,56.3,0.44,6,27.52,0,59.86
VEH_001,68b89b2d4f65cd554d7511bd,2025-11-01T17:00:00,ON,63.38,18,1061.11,21.33,38.6,57.7,0.37,27,26.52,0,63.67
VEH_001,68b89b2d4f65cd554d7511bd,2025-11-01T18:00:00,ON,58.88,19,1119.99,17.8,38.3,52.5,-0.14,32,25.16,0,67.2
VEH_001,68b89b2d4f65cd554d7511bd,2025-11-01T19:00:00,ON,55.23,20,1175.22,46.54,38,51,0.03,36,24.07,0,70.51
VEH_001,68b89b2d4f65cd554d7511bd,2025-11-01T20:00:00,ON,58.31,21,1233.53,43.04,37.7,51.9,-0.28,23,24.99,0,74.01
VEH_001,68b89b2d4f65cd554d7511bd,2025-11-01T21:00:00,ON,61.56,22,1295.09,39.35,37,54.2,-0.22,16,25.97,0,77.71
VEH_001,68b89b2d4f65cd554d7511bd,2025-11-01T22:00:00,ON,57.83,23,1352.92,35.88,36.9,52.5,0.13,1,24.85,0,81.18
VEH_001,68b89b2d4f65cd554d7511bd,2025-11-01T23:00:00,ON,58.32,24,1411.25,32.38,36.6,53.6,-0.13,16,25,0,84.67
VEH_001,68b89b2d4f65cd554d7511bd,2025-11-02T00:00:00,ON,61.98,25,1473.22,28.66,36.9,59.8,-0.41,32,26.09,0,88.39
VEH_001,68b89b2d4f65cd554d7511bd,2025-11-02T01:00:00,ON,56.39,26,1529.61,25.27,36.7,54.8,-0.28,25,24.42,0,91.78
VEH_001,68b89b2d4f65cd554d7511bd,2025-11-02T02:00:00,ON,56.58,27,1586.19,21.88,36.9,50.4,-0.11,17,24.47,0,95.17
VEH_001,68b89b2d4f65cd554d7511bd,2025-11-02T03:00:00,ON,61.98,28,1648.18,18.16,37,50.8,0.2,6,26.1,0,98.89
VEH_001,68b89b2d4f65cd554d7511bd,2025-11-02T04:00:00,ON,64.54,29,1712.72,14.29,36.9,54.7,0.4,36,26.86,0,102.76
VEH_001,68b89b2d4f65cd554d7511bd,2025-11-02T05:00:00,ON,70.67,30,1783.39,10.05,36.9,57.3,-0.1,32,28.7,0,107
VEH_001,68b89b2d4f65cd554d7511bd,2025-11-02T06:00:00,ON,72.94,31,1856.33,5.67,37,56,-0.49,45,29.38,0,111.38
VEH_001,68b89b2d4f65cd554d7511bd,2025-11-02T07:00:00,ON,73.72,32,1930.04,1.25,36.6,60,-0.17,19,29.62,0,115.8
VEH_001,68b89b2d4f65cd554d7511bd,2025-11-02T08:00:00,ON,71.58,33,2001.63,0,37.5,57.7,-0.25,29,28.97,0,120.1
VEH_001,68b89b2d4f65cd554d7511bd,2025-11-02T09:00:00,OFF,0,33,2001.63,0,37.5,2.9,-0.01,4,0,0,120.1
VEH_001,68b89b2d4f65cd554d7511bd,2025-11-02T10:00:00,ON,0,33,2001.63,44.98,38.1,25.7,0.27,16,0,0.03,120.1
VEH_001,68b89b2d4f65cd554d7511bd,2025-11-02T11:00:00,ON,7.91,34,2009.54,44.5,38.4,36.6,0.25,36,9.87,0,120.57
VEH_001,68b89b2d4f65cd554d7511bd,2025-11-02T12:00:00,ON,14.77,35,2024.3,43.62,38.2,41.6,-0.11,22,11.93,0,121.46
VEH_001,68b89b2d4f65cd554d7511bd,2025-11-02T13:00:00,ON,11.06,36,2035.37,42.95,37.6,34.4,0.34,2,10.82,0,122.12
VEH_001,68b89b2d4f65cd554d7511bd,2025-11-02T14:00:00,ON,12.18,37,2047.55,42.22,37.7,35.9,0.38,16,11.15,0,122.85
VEH_001,68b89b2d4f65cd554d7511bd,2025-11-02T15:00:00,ON,17.76,38,2065.31,41.15,37.8,45,-0.2,25,12.83,0,123.92
VEH_001,68b89b2d4f65cd554d7511bd,2025-11-02T16:00:00,ON,22.72,39,2088.03,39.79,38.1,51.7,0.3,0,14.32,0,125.28
VEH_001,68b89b2d4f65cd554d7511bd,2025-11-02T17:00:00,ON,15.86,40,2103.89,38.84,37.4,45,0.17,24,12.26,0,126.23
VEH_001,68b89b2d4f65cd554d7511bd,2025-11-02T18:00:00,ON,10.34,41,2114.23,38.22,37.3,39.7,-0.46,14,10.6,0,126.85
VEH_001,68b89b2d4f65cd554d7511bd,2025-11-02T19:00:00,ON,8.1,42,2122.33,37.73,37,39.2,0.12,3,9.93,0,127.34
VEH_001,68b89b2d4f65cd554d7511bd,2025-11-02T20:00:00,ON,13.57,43,2135.9,36.92,36.7,40.3,-0.37,49,11.57,0,128.15
VEH_001,68b89b2d4f65cd554d7511bd,2025-11-02T21:00:00,ON,13.83,44,2149.74,36.09,36.5,35.2,-0.42,36,11.65,0,128.98
VEH_001,68b89b2d4f65cd554d7511bd,2025-11-02T22:00:00,ON,8.78,45,2158.52,35.56,36.3,38.1,0.42,46,10.14,0,129.51
VEH_001,68b89b2d4f65cd554d7511bd,2025-11-02T23:00:00,ON,4.79,46,2163.31,35.27,35.8,38.8,0.45,38,8.94,0,129.8
VEH_001,68b89b2d4f65cd554d7511bd,2025-11-03T00:00:00,ON,7.3,47,2170.61,34.84,35.9,35.8,-0.34,21,9.69,0,130.24
VEH_001,68b89b2d4f65cd554d7511bd,2025-11-03T01:00:00,ON,0,48,2170.61,34.81,35.8,21,-0.01,38,0,0.03,130.27
VEH_001,68b89b2d4f65cd554d7511bd,2025-11-03T02:00:00,ON,0,49,2170.61,34.78,36.5,20.5,0.45,35,0,0.03,130.3
VEH_001,68b89b2d4f65cd554d7511bd,2025-11-03T03:00:00,ON,0,50,2170.61,34.75,37,26.6,-0.34,23,0,0.03,130.33
VEH_001,68b89b2d4f65cd554d7511bd,2025-11-03T04:00:00,ON,7.1,51,2177.72,34.32,37,40.2,0.18,34,9.63,0,130.75
VEH_001,68b89b2d4f65cd554d7511bd,2025-11-03T05:00:00,ON,9.39,52,2187.11,33.76,37.2,37.6,0.46,9,10.32,0,131.32
VEH_001,68b89b2d4f65cd554d7511bd,2025-11-03T06:00:00,ON,4.7,53,2191.81,33.47,37.4,35.4,0.12,22,8.91,0,131.6
VEH_001,68b89b2d4f65cd554d7511bd,2025-11-03T07:00:00,ON,0,54,2191.81,33.44,37.4,20.2,0.31,40,0,0.03,131.63
VEH_001,68b89b2d4f65cd554d7511bd,2025-11-03T08:00:00,ON,0,55,2191.81,33.41,37.6,25.5,-0.08,23,0,0.03,131.66
VEH_001,68b89b2d4f65cd554d7511bd,2025-11-03T09:00:00,ON,4.91,56,2196.72,33.12,37.6,39.7,-0.16,31,8.97,0,131.95
VEH_001,68b89b2d4f65cd554d7511bd,2025-11-03T10:00:00,ON,10.64,57,2207.37,32.48,37.3,37.3,0.4,19,10.69,0,132.59
VEH_001,68b89b2d4f65cd554d7511bd,2025-11-03T11:00:00,ON,15.87,58,2223.23,31.53,37.4,40.8,0.45,18,12.26,0,133.54
VEH_001,68b89b2d4f65cd554d7511bd,2025-11-03T12:00:00,ON,15.76,59,2238.99,30.58,37.4,42.7,-0.29,22,12.23,0,134.49
VEH_001,68b89b2d4f65cd554d7511bd,2025-11-03T13:00:00,ON,20.26,60,2259.25,29.37,38.2,45.9,0.47,8,13.58,0,135.7
VEH_001,68b89b2d4f65cd554d7511bd,2025-11-03T14:00:00,ON,24.44,61,2283.69,27.9,38.4,43.3,-0.43,49,14.83,0,137.17
VEH_001,68b89b2d4f65cd554d7511bd,2025-11-03T15:00:00,ON,30.71,62,2314.4,26.06,38.2,45.7,0.36,21,16.71,0,139.01
VEH_001,68b89b2d4f65cd554d7511bd,2025-11-03T16:00:00,ON,35.72,63,2350.11,23.92,37.6,44.5,-0.42,43,18.21,0,141.16
VEH_001,68b89b2d4f65cd554d7511bd,2025-11-03T17:00:00,ON,36.65,64,2386.76,21.72,38.1,46.4,-0.49,27,18.5,0,143.36
VEH_001,68b89b2d4f65cd554d7511bd,2025-11-03T18:00:00,ON,37.79,65,2424.56,19.45,37.7,48.2,0.18,27,18.84,0,145.62
VEH_001,68b89b2d4f65cd554d7511bd,2025-11-03T19:00:00,ON,45.19,66,2469.75,16.74,38,48.3,0.46,43,21.06,0,148.33
VEH_001,68b89b2d4f65cd554d7511bd,2025-11-03T20:00:00,ON,52.83,67,2522.58,13.57,38.2,53.6,-0.42,46,23.35,0,151.5
VEH_001,68b89b2d4f65cd554d7511bd,2025-11-03T21:00:00,ON,54.91,68,2577.49,10.27,37.8,54.3,-0.45,11,23.97,0,154.8
VEH_001,68b89b2d4f65cd554d7511bd,2025-11-03T22:00:00,ON,62.24,69,2639.73,6.54,37.9,52,0.15,7,26.17,0,158.53
VEH_001,68b89b2d4f65cd554d7511bd,2025-11-03T23:00:00,ON,59.9,70,2699.63,2.95,37.7,48.9,0.31,27,25.47,0,162.13
VEH_001,68b89b2d4f65cd554d7511bd,2025-11-04T00:00:00,ON,56.23,71,2755.86,32.29,37.8,52.3,0.08,24,24.37,0,165.5
VEH_001,68b89b2d4f65cd554d7511bd,2025-11-04T01:00:00,ON,54.93,72,2810.79,28.99,38.1,55.1,0.49,48,23.98,0,168.8
VEH_001,68b89b2d4f65cd554d7511bd,2025-11-04T02:00:00,ON,52.95,73,2863.74,25.81,37.9,52.2,-0.44,40,23.39,0,171.97
VEH_001,68b89b2d4f65cd554d7511bd,2025-11-04T03:00:00,ON,51.59,74,2915.33,22.72,38.4,51.8,0.5,37,22.98,0,175.07
VEH_001,68b89b2d4f65cd554d7511bd,2025-11-04T04:00:00,ON,58.2,75,2973.53,19.23,38.5,51.6,-0.26,8,24.96,0,178.56
VEH_001,68b89b2d4f65cd554d7511bd,2025-11-04T05:00:00,ON,52.27,76,3025.8,16.09,39,53.1,0.12,27,23.18,0,181.7
VEH_001,68b89b2d4f65cd554d7511bd,2025-11-04T06:00:00,ON,48.57,77,3074.37,68.12,38.6,53.4,-0.19,0,22.07,0,184.61
VEH_001,68b89b2d4f65cd554d7511bd,2025-11-04T07:00:00,ON,49.4,78,3123.76,65.16,38.6,53,-0.1,47,22.32,0,187.58
VEH_001,68b89b2d4f65cd554d7511bd,2025-11-04T08:00:00,ON,49.08,79,3172.84,62.21,38.6,53.8,0.14,10,22.22,0,190.52
VEH_001,68b89b2d4f65cd554d7511bd,2025-11-04T09:00:00,ON,44.48,80,3217.33,59.54,38.5,44.6,-0.06,33,20.85,0,193.19
VEH_001,68b89b2d4f65cd554d7511bd,2025-11-04T10:00:00,ON,42.06,81,3259.38,57.02,39,46.9,0.12,16,20.12,0,195.71
VEH_001,68b89b2d4f65cd554d7511bd,2025-11-04T11:00:00,ON,49.25,82,3308.63,54.06,39.6,50.4,-0.24,23,22.27,0,198.67
VEH_001,68b89b2d4f65cd554d7511bd,2025-11-04T12:00:00,ON,41.98,83,3350.62,51.55,39.9,45.2,0.08,10,20.09,0,201.19
VEH_001,68b89b2d4f65cd554d7511bd,2025-11-04T13:00:00,ON,35.2,84,3385.81,49.43,39.7,46.9,-0.32,24,18.06,0,203.3
VEH_001,68b89b2d4f65cd554d7511bd,2025-11-04T14:00:00,ON,41.55,85,3427.36,46.94,39.3,45.5,-0.31,18,19.96,0,205.79
VEH_001,68b89b2d4f65cd554d7511bd,2025-11-04T15:00:00,ON,46.69,86,3474.05,44.14,39.5,49,0.05,4,21.51,0,208.59
VEH_001,68b89b2d4f65cd554d7511bd,2025-11-04T16:00:00,ON,46.07,87,3520.12,41.38,39.4,49.5,0.19,8,21.32,0,211.36
VEH_001,68b89b2d4f65cd554d7511bd,2025-11-04T17:00:00,ON,39.54,88,3559.66,39,38.5,44.3,-0.12,16,19.36,0,213.73
VEH_001,68b89b2d4f65cd554d7511bd,2025-11-04T18:00:00,ON,35.97,89,3595.64,36.84,38.6,44.9,-0.13,21,18.29,0,215.89
VEH_001,68b89b2d4f65cd554d7511bd,2025-11-04T19:00:00,ON,31.75,90,3627.39,34.94,38.3,44.3,-0.35,6,17.03,0,217.79
VEH_001,68b89b2d4f65cd554d7511bd,2025-11-04T20:00:00,ON,34.75,91,3662.13,32.85,38.4,42.9,-0.4,36,17.92,0,219.88
VEH_001,68b89b2d4f65cd554d7511bd,2025-11-04T21:00:00,ON,29.66,92,3691.8,31.07,37.7,44.5,-0.27,12,16.4,0,221.66
VEH_001,68b89b2d4f65cd554d7511bd,2025-11-04T22:00:00,ON,31.16,93,3722.96,29.21,37.4,42.6,0.04,33,16.85,0,223.53
VEH_001,68b89b2d4f65cd554d7511bd,2025-11-04T23:00:00,ON,32.08,94,3755.04,27.28,37.4,41.2,-0.26,44,17.13,0,225.45
VEH_001,68b89b2d4f65cd554d7511bd,2025-11-05T00:00:00,ON,29.37,95,3784.41,38.9,36.9,43.7,-0.44,8,16.31,0,227.21
VEH_001,68b89b2d4f65cd554d7511bd,2025-11-05T01:00:00,ON,22.65,96,3807.06,37.54,36,43.1,0.37,5,14.3,0,228.57
VEH_001,68b89b2d4f65cd554d7511bd,2025-11-05T02:00:00,ON,30.25,97,3837.32,35.72,36,45.9,0.04,25,16.58,0,230.39
VEH_001,68b89b2d4f65cd554d7511bd,2025-11-05T03:00:00,ON,26.73,98,3864.05,34.12,36.3,41.4,0.01,48,15.52,0,231.99
VEH_001,68b89b2d4f65cd554d7511bd,2025-11-05T04:00:00,ON,27.21,99,3891.26,32.49,35.6,43.5,0.43,12,15.66,0,233.63
VEH_001,68b89b2d4f65cd554d7511bd,2025-11-05T05:00:00,ON,27.73,100,3918.99,30.82,35.2,42.2,0.18,16,15.82,0,235.29
VEH_001,68b89b2d4f65cd554d7511bd,2025-11-05T06:00:00,ON,21.6,101,3940.59,29.53,35.5,41.2,0.35,43,13.98,0,236.59
VEH_001,68b89b2d4f65cd554d7511bd,2025-11-05T07:00:00,ON,20.14,102,3960.73,28.32,35.6,40,0.43,21,13.54,0,237.79
VEH_001,68b89b2d4f65cd554d7511bd,2025-11-05T08:00:00,ON,12.91,103,3973.64,27.54,35.1,40.9,0.33,36,11.37,0,238.57
VEH_001,68b89b2d4f65cd554d7511bd,2025-11-05T09:00:00,ON,17.94,104,3991.57,26.47,35.3,42.8,-0.11,39,12.88,0,239.64
VEH_001,68b89b2d4f65cd554d7511bd,2025-11-05T10:00:00,ON,17.17,105,4008.74,25.44,35.2,42.1,-0.06,32,12.65,0,240.67
VEH_001,68b89b2d4f65cd554d7511bd,2025-11-05T11:00:00,ON,12.89,106,4021.63,24.66,36.1,41.3,0.12,5,11.37,0,241.45
VEH_001,68b89b2d4f65cd554d7511bd,2025-11-05T12:00:00,ON,19.92,107,4041.55,23.47,36.1,42.1,0.12,29,13.48,0,242.64
VEH_001,68b89b2d4f65cd554d7511bd,2025-11-05T13:00:00,ON,26.23,108,4067.78,21.9,36,40.5,0.24,3,15.37,0,244.22
VEH_001,68b89b2d4f65cd554d7511bd,2025-11-05T14:00:00,ON,27.34,109,4095.12,20.26,35.6,46.1,-0.39,35,15.7,0,245.86
VEH_001,68b89b2d4f65cd554d7511bd,2025-11-05T15:00:00,ON,26.66,110,4121.78,18.66,35.4,40.8,-0.09,44,15.5,0,247.46
VEH_001,68b89b2d4f65cd554d7511bd,2025-11-05T16:00:00,ON,30.18,111,4151.95,16.85,36.6,40.3,-0.15,10,16.55,0,249.27
VEH_001,68b89b2d4f65cd554d7511bd,2025-11-05T17:00:00,ON,37.52,112,4189.47,14.59,36.7,48.8,0.41,39,18.76,0,251.52
VEH_001,68b89b2d4f65cd554d7511bd,2025-11-05T18:00:00,ON,37.62,113,4227.09,54.78,36.1,47,0.2,36,18.78,0,253.78
VEH_001,68b89b2d4f65cd554d7511bd,2025-11-05T19:00:00,ON,40.93,114,4268.02,52.32,36.4,52.5,-0.08,28,19.78,0,256.23
VEH_001,68b89b2d4f65cd554d7511bd,2025-11-05T20:00:00,ON,34.6,115,4302.62,50.25,37,44.2,-0.31,22,17.88,0,258.31
VEH_001,68b89b2d4f65cd554d7511bd,2025-11-05T21:00:00,ON,41.33,116,4343.95,47.77,36.8,54.3,-0.1,8,19.9,0,260.79
VEH_001,68b89b2d4f65cd554d7511bd,2025-11-05T22:00:00,ON,45.24,117,4389.19,45.05,37,50.3,-0.39,24,21.07,0,263.5
VEH_001,68b89b2d4f65cd554d7511bd,2025-11-05T23:00:00,ON,51.06,118,4440.25,41.99,37.5,47.1,0.42,42,22.82,0,266.56
VEH_001,68b89b2d4f65cd554d7511bd,2025-11-06T00:00:00,ON,43.58,119,4483.83,39.38,36.4,45.6,-0.47,32,20.57,0,269.18
VEH_001,68b89b2d4f65cd554d7511bd,2025-11-06T01:00:00,ON,41.38,120,4525.21,36.89,36.5,47.3,-0.41,39,19.91,0,271.66
VEH_001,68b89b2d4f65cd554d7511bd,2025-11-06T02:00:00,ON,41.42,121,4566.63,34.41,36.1,46,0.4,31,19.92,0,274.15
VEH_001,68b89b2d4f65cd554d7511bd,2025-11-06T03:00:00,ON,40.91,122,4607.53,31.95,36.3,48.5,-0.21,46,19.77,0,276.6
VEH_001,68b89b2d4f65cd554d7511bd,2025-11-06T04:00:00,ON,41.35,123,4648.88,29.47,36.8,51.9,-0.4,7,19.9,0,279.08
VEH_001,68b89b2d4f65cd554d7511bd,2025-11-06T05:00:00,ON,47.14,124,4696.02,26.64,36.8,51.8,-0.09,22,21.64,0,281.91
VEH_001,68b89b2d4f65cd554d7511bd,2025-11-06T06:00:00,ON,54.8,125,4750.82,23.36,36.3,55.2,-0.25,22,23.94,0,285.2
VEH_001,68b89b2d4f65cd554d7511bd,2025-11-06T07:00:00,ON,57.55,126,4808.38,46.98,35.4,51.7,0.15,46,24.77,0,288.65
VEH_001,68b89b2d4f65cd554d7511bd,2025-11-06T08:00:00,ON,61.08,127,4869.46,43.32,35.6,54.1,0.31,15,25.83,0,292.32
VEH_001,68b89b2d4f65cd554d7511bd,2025-11-06T09:00:00,ON,59.44,128,4928.9,39.75,35.6,55.1,-0.49,6,25.33,0,295.88
VEH_001,68b89b2d4f65cd554d7511bd,2025-11-06T10:00:00,ON,63.21,129,4992.11,35.96,35.5,55.6,0.2,0,26.46,0,299.68
VEH_001,68b89b2d4f65cd554d7511bd,2025-11-06T11:00:00,ON,68.29,130,5060.41,31.86,35.8,59.6,-0.23,4,27.99,0,303.77
VEH_001,68b89b2d4f65cd554d7511bd,2025-11-06T12:00:00,ON,65.82,131,5126.22,27.91,35.1,54.7,0.47,43,27.24,0,307.72
VEH_001,68b89b2d4f65cd554d7511bd,2025-11-06T13:00:00,ON,60.06,132,5186.28,24.31,35.3,54.1,-0.07,16,25.52,0,311.33
VEH_001,68b89b2d4f65cd554d7511bd,2025-11-06T14:00:00,ON,56.36,133,5242.64,20.93,35.4,51.1,0.33,3,24.41,0,314.71
VEH_001,68b89b2d4f65cd554d7511bd,2025-11-06T15:00:00,ON,50.47,134,5293.11,17.9,35.2,53.1,0.03,41,22.64,0,317.74
VEH_001,68b89b2d4f65cd554d7511bd,2025-11-06T16:00:00,ON,51.7,135,5344.81,14.8,35.4,50,-0.49,20,23.01,0,320.84
VEH_001,68b89b2d4f65cd554d7511bd,2025-11-06T17:00:00,ON,47.92,136,5392.73,11.92,35.6,49.7,0.07,16,21.87,0,323.71
VEH_001,68b89b2d4f65cd554d7511bd,2025-11-06T18:00:00,ON,46.62,137,5439.34,9.13,36.6,50.9,-0.42,35,21.49,0,326.51
VEH_001,68b89b2d4f65cd554d7511bd,2025-11-06T19:00:00,ON,50.95,138,5490.3,6.07,36.3,51.5,0.11,33,22.79,0,329.57
VEH_001,68b89b2d4f65cd554d7511bd,2025-11-06T20:00:00,ON,49.3,139,5539.59,3.11,36.4,51.2,-0.34,42,22.29,0,332.53
VEH_001,68b89b2d4f65cd554d7511bd,2025-11-06T21:00:00,ON,54.84,140,5594.44,0,35.8,49,-0.09,42,23.95,0,335.82
VEH_001,68b89b2d4f65cd554d7511bd,2025-11-06T22:00:00,OFF,0,140,5594.44,0,35.2,0,0.47,37,0,0,335.82
VEH_001,68b89b2d4f65cd554d7511bd,2025-11-06T23:00:00,OFF,0,140,5594.44,0,34.7,2.7,0.37,7,0,0,335.82
VEH_001,68b89b2d4f65cd554d7511bd,2025-11-07T00:00:00,OFF,0,140,5594.44,0,34.6,4.9,0.4,11,0,0,335.82
VEH_001,68b89b2d4f65cd554d7511bd,2025-11-07T01:00:00,ON,0,140,5594.44,59.63,34.8,21.8,0.07,6,0,0.03,335.82
VEH_001,68b89b2d4f65cd554d7511bd,2025-11-07T02:00:00,ON,0,141,5594.44,59.6,34.9,23,0.42,49,0,0.03,335.85
VEH_001,68b89b2d4f65cd554d7511bd,2025-11-07T03:00:00,ON,0,142,5594.44,59.57,35.4,26.4,0.15,23,0,0.03,335.88
VEH_001,68b89b2d4f65cd554d7511bd,2025-11-07T04:00:00,ON,0,143,5594.44,59.54,34.3,20.8,0.2,39,0,0.03,335.91
VEH_001,68b89b2d4f65cd554d7511bd,2025-11-07T05:00:00,ON,0,144,5594.44,59.51,34.9,25.4,0.16,12,0,0.03,335.94
VEH_001,68b89b2d4f65cd554d7511bd,2025-11-07T06:00:00,ON,2.01,145,5596.45,59.39,35,32.3,-0.48,41,8.1,0,336.06
VEH_001,68b89b2d4f65cd554d7511bd,2025-11-07T07:00:00,ON,9.86,146,5606.31,71.58,35.2,39.7,-0.43,45,10.46,0,336.65
VEH_001,68b89b2d4f65cd554d7511bd,2025-11-07T08:00:00,ON,7.47,147,5613.78,71.13,35.1,36,-0.02,15,9.74,0,337.1
VEH_001,68b89b2d4f65cd554d7511bd,2025-11-07T09:00:00,ON,13.45,148,5627.23,70.32,35.7,35,0.24,29,11.53,0,337.9
VEH_001,68b89b2d4f65cd554d7511bd,2025-11-07T10:00:00,ON,5.5,149,5632.73,69.99,35,32.1,0.35,17,9.15,0,338.23
VEH_001,68b89b2d4f65cd554d7511bd,2025-11-07T11:00:00,ON,1.24,150,5633.98,69.92,34.9,35.3,-0.12,23,7.87,0,338.31
VEH_001,68b89b2d4f65cd554d7511bd,2025-11-07T12:00:00,ON,0,151,5633.98,69.89,35,29.6,0.3,36,0,0.03,338.34
VEH_001,68b89b2d4f65cd554d7511bd,2025-11-07T13:00:00,ON,0,152,5633.98,69.86,35.4,29.4,-0.03,12,0,0.03,338.37
VEH_001,68b89b2d4f65cd554d7511bd,2025-11-07T14:00:00,ON,7.83,153,5641.8,69.39,35.3,37.2,-0.1,28,9.85,0,338.84
VEH_001,68b89b2d4f65cd554d7511bd,2025-11-07T15:00:00,ON,10.22,154,5652.02,68.78,35.3,38.9,-0.27,33,10.57,0,339.45
VEH_001,68b89b2d4f65cd554d7511bd,2025-11-07T16:00:00,ON,8.37,155,5660.39,68.27,36.3,38.8,0.13,22,10.01,0,339.95
VEH_001,68b89b2d4f65cd554d7511bd,2025-11-07T17:00:00,ON,14.51,156,5674.9,67.4,36.5,38.6,0.26,16,11.85,0,340.82
VEH_001,68b89b2d4f65cd554d7511bd,2025-11-07T18:00:00,ON,8.97,157,5683.87,66.87,36,36.4,-0.28,46,10.19,0,341.36
VEH_001,68b89b2d4f65cd554d7511bd,2025-11-07T19:00:00,ON,1.53,158,5685.4,66.77,36.3,29.9,-0.23,28,7.96,0,341.45
VEH_001,68b89b2d4f65cd554d7511bd,2025-11-07T20:00:00,ON,7.75,159,5693.14,66.31,35.9,38.8,0.05,33,9.82,0,341.92
VEH_001,68b89b2d4f65cd554d7511bd,2025-11-07T21:00:00,ON,6.28,160,5699.43,65.93,36.4,33.5,0.22,25,9.38,0,342.3
VEH_001,68b89b2d4f65cd554d7511bd,2025-11-07T22:00:00,ON,6.8,161,5706.23,65.52,36.1,39.4,0.07,39,9.54,0,342.7
VEH_001,68b89b2d4f65cd554d7511bd,2025-11-07T23:00:00,ON,9.65,162,5715.88,64.95,36.1,33.9,0.38,18,10.4,0,343.28
VEH_001,68b89b2d4f65cd554d7511bd,2025-11-08T00:00:00,ON,15.54,163,5731.43,64.01,36.3,38.3,-0.34,12,12.16,0,344.22
VEH_001,68b89b2d4f65cd554d7511bd,2025-11-08T01:00:00,ON,20.94,164,5752.36,62.76,36.1,44.2,0.12,37,13.78,0,345.47
VEH_001,68b89b2d4f65cd554d7511bd,2025-11-08T02:00:00,ON,15.96,165,5768.32,61.8,36.5,42.6,-0.49,31,12.29,0,346.43
VEH_001,68b89b2d4f65cd554d7511bd,2025-11-08T03:00:00,ON,13.32,166,5781.65,61,36.5,37.4,0.32,13,11.5,0,347.23
VEH_001,68b89b2d4f65cd554d7511bd,2025-11-08T04:00:00,ON,17.43,167,5799.08,59.95,36.7,42.1,-0.38,33,12.73,0,348.27
VEH_001,68b89b2d4f65cd554d7511bd,2025-11-08T05:00:00,ON,19.58,168,5818.65,58.78,36,40.3,0.26,9,13.37,0,349.45
VEH_001,68b89b2d4f65cd554d7511bd,2025-11-08T06:00:00,ON,18.49,169,5837.15,57.67,36,37.8,0.25,21,13.05,0,350.56
VEH_001,68b89b2d4f65cd554d7511bd,2025-11-08T07:00:00,ON,25.49,170,5862.63,56.14,35.9,42.5,0.21,21,15.15,0,352.09
VEH_001,68b89b2d4f65cd554d7511bd,2025-11-08T08:00:00,ON,28.82,171,5891.46,54.41,35.7,42.5,0.15,11,16.15,0,353.82
VEH_001,68b89b2d4f65cd554d7511bd,2025-11-08T09:00:00,ON,21.22,172,5912.67,53.14,36.5,41.3,0.27,22,13.87,0,355.09
VEH_001,68b89b2d4f65cd554d7511bd,2025-11-08T10:00:00,ON,20.35,173,5933.03,51.92,35.7,38.3,0.29,28,13.61,0,356.31
VEH_001,68b89b2d4f65cd554d7511bd,2025-11-08T11:00:00,ON,17.13,174,5950.15,50.89,35.6,38.5,-0.37,2,12.64,0,357.34
VEH_001,68b89b2d4f65cd554d7511bd,2025-11-08T12:00:00,ON,24.34,175,5974.49,49.43,35.9,44.2,-0.08,19,14.8,0,358.8
VEH_001,68b89b2d4f65cd554d7511bd,2025-11-08T13:00:00,ON,22.7,176,5997.19,48.07,35.8,42,0.39,14,14.31,0,360.16
VEH_001,68b89b2d4f65cd554d7511bd,2025-11-08T14:00:00,ON,26.63,177,6023.83,46.47,35.9,44.3,0.06,43,15.49,0,361.76
VEH_001,68b89b2d4f65cd554d7511bd,2025-11-08T15:00:00,ON,26.21,178,6050.03,44.9,36.2,43.9,0.28,14,15.36,0,363.33
VEH_001,68b89b2d4f65cd554d7511bd,2025-11-08T16:00:00,ON,25.46,179,6075.5,43.37,36.1,44.2,0.47,19,15.14,0,364.86
VEH_001,68b89b2d4f65cd554d7511bd,2025-11-08T17:00:00,ON,30.21,180,6105.71,41.56,36,42.7,-0.3,21,16.56,0,366.67
VEH_001,68b89b2d4f65cd554d7511bd,2025-11-08T18:00:00,ON,31.52,181,6137.23,39.66,36.7,43.7,-0.49,17,16.96,0,368.56
VEH_001,68b89b2d4f65cd554d7511bd,2025-11-08T19:00:00,ON,34.41,182,6171.63,37.6,36,48,0.26,37,17.82,0,370.63
VEH_001,68b89b2d4f65cd554d7511bd,2025-11-08T20:00:00,ON,40.93,183,6212.57,35.14,36.5,47,-0.02,27,19.78,0,373.08
VEH_001,68b89b2d4f65cd554d7511bd,2025-11-08T21:00:00,ON,44.17,184,6256.74,47.39,36.5,46.6,-0.15,32,20.75,0,375.73
VEH_001,68b89b2d4f65cd554d7511bd,2025-11-08T22:00:00,ON,49.36,185,6306.11,44.43,36.5,52,0.32,41,22.31,0,378.7
VEH_001,68b89b2d4f65cd554d7511bd,2025-11-08T23:00:00,ON,44.04,186,6350.15,41.79,36.1,52.3,-0.47,5,20.71,0,381.34
VEH_001,68b89b2d4f65cd554d7511bd,2025-11-09T00:00:00,ON,45.91,187,6396.06,39.03,36.5,52.5,0.16,15,21.27,0,384.09
VEH_001,68b89b2d4f65cd554d7511bd,2025-11-09T01:00:00,ON,46.67,188,6442.73,36.23,36.7,50.6,-0.25,12,21.5,0,386.89
VEH_001,68b89b2d4f65cd554d7511bd,2025-11-09T02:00:00,ON,46.34,189,6489.07,33.45,37.6,53.7,0.37,31,21.4,0,389.67
VEH_001,68b89b2d4f65cd554d7511bd,2025-11-09T03:00:00,ON,46.31,190,6535.38,30.67,37.5,49.6,-0.3,34,21.39,0,392.45
VEH_001,68b89b2d4f65cd554d7511bd,2025-11-09T04:00:00,ON,41.84,191,6577.22,28.16,37.6,47.2,0.46,23,20.05,0,394.96
VEH_001,68b89b2d4f65cd554d7511bd,2025-11-09T05:00:00,ON,40.65,192,6617.87,25.72,37.7,48.3,-0.06,33,19.69,0,397.4
VEH_001,68b89b2d4f65cd554d7511bd,2025-11-09T06:00:00,ON,40.44,193,6658.31,23.3,38.1,43.6,0.09,11,19.63,0,399.83
VEH_001,68b89b2d4f65cd554d7511bd,2025-11-09T07:00:00,ON,38.58,194,6696.88,20.98,37.9,48.9,-0.09,29,19.07,0,402.14
VEH_001,68b89b2d4f65cd554d7511bd,2025-11-09T08:00:00,ON,33.45,195,6730.34,18.98,37.6,46.3,-0.01,46,17.54,0,404.15
VEH_001,68b89b2d4f65cd554d7511bd,2025-11-09T09:00:00,ON,34.94,196,6765.27,16.88,37.5,46.6,-0.19,27,17.98,0,406.25
VEH_001,68b89b2d4f65cd554d7511bd,2025-11-09T10:00:00,ON,31.07,197,6796.34,15.01,37.2,43.5,0.47,46,16.82,0,408.11
VEH_001,68b89b2d4f65cd554d7511bd,2025-11-09T11:00:00,ON,26.82,198,6823.17,13.41,37.4,48.3,-0.35,4,15.55,0,409.72
VEH_001,68b89b2d4f65cd554d7511bd,2025-11-09T12:00:00,ON,22.8,199,6845.97,12.04,37.1,44.2,-0.03,48,14.34,0,411.09
VEH_001,68b89b2d4f65cd554d7511bd,2025-11-09T13:00:00,ON,26.09,200,6872.06,10.47,37.6,41.9,0.49,8,15.33,0,412.65
VEH_001,68b89b2d4f65cd554d7511bd,2025-11-09T14:00:00,ON,26.59,201,6898.64,8.88,37.6,45.1,-0.18,48,15.48,0,414.25
VEH_001,68b89b2d4f65cd554d7511bd,2025-11-09T15:00:00,ON,27.94,202,6926.59,7.2,37.6,39.9,0.02,22,15.88,0,415.93
VEH_001,68b89b2d4f65cd554d7511bd,2025-11-09T16:00:00,ON,30.61,203,6957.2,36.52,37.8,42.2,0.17,49,16.68,0,417.76
VEH_001,68b89b2d4f65cd554d7511bd,2025-11-09T17:00:00,ON,25.63,204,6982.82,34.98,38.1,45,0.48,42,15.19,0,419.3
VEH_001,68b89b2d4f65cd554d7511bd,2025-11-09T18:00:00,ON,28.56,205,7011.38,33.27,37.6,44.4,-0.47,7,16.07,0,421.01
VEH_001,68b89b2d4f65cd554d7511bd,2025-11-09T19:00:00,ON,33.29,206,7044.67,31.27,38,47.5,-0.15,1,17.49,0,423.01
VEH_001,68b89b2d4f65cd554d7511bd,2025-11-09T20:00:00,ON,41.28,207,7085.94,28.8,38.7,50.4,0.28,12,19.88,0,425.49
VEH_001,68b89b2d4f65cd554d7511bd,2025-11-09T21:00:00,ON,37.9,208,7123.84,26.52,38.6,49.1,0.38,22,18.87,0,427.76
VEH_001,68b89b2d4f65cd554d7511bd,2025-11-09T22:00:00,ON,36.86,209,7160.7,24.31,38.6,46.1,-0.18,11,18.56,0,429.97
VEH_001,68b89b2d4f65cd554d7511bd,2025-11-09T23:00:00,ON,38.62,210,7199.33,21.99,38.6,52.6,0.05,34,19.09,0,432.29
VEH_001,68b89b2d4f65cd554d7511bd,2025-11-10T00:00:00,ON,34.26,211,7233.58,19.94,39,48.4,-0.04,2,17.78,0,434.35
VEH_001,68b89b2d4f65cd554d7511bd,2025-11-10T01:00:00,ON,34.94,212,7268.52,17.84,39.6,41.8,-0.02,42,17.98,0,436.44
VEH_001,68b89b2d4f65cd554d7511bd,2025-11-10T02:00:00,ON,39.17,213,7307.69,15.49,39.7,49.1,-0.26,10,19.25,0,438.79
VEH_001,68b89b2d4f65cd554d7511bd,2025-11-10T03:00:00,ON,37.26,214,7344.95,13.26,39.8,47.6,0.02,45,18.68,0,441.03
VEH_001,68b89b2d4f65cd554d7511bd,2025-11-10T04:00:00,ON,34.17,215,7379.12,11.21,39.4,49.5,-0.23,3,17.75,0,443.08
VEH_001,68b89b2d4f65cd554d7511bd,2025-11-10T05:00:00,ON,39.34,216,7418.46,8.85,39.7,45.9,-0.2,48,19.3,0,445.44
VEH_001,68b89b2d4f65cd554d7511bd,2025-11-10T06:00:00,ON,40.42,217,7458.88,6.42,39.9,48.2,-0.46,41,19.63,0,447.86
VEH_001,68b89b2d4f65cd554d7511bd,2025-11-10T07:00:00,ON,34.22,218,7493.1,63.51,40.4,52.1,0.29,14,17.77,0,449.92
VEH_001,68b89b2d4f65cd554d7511bd,2025-11-10T08:00:00,ON,35.99,219,7529.09,61.35,40.6,49.1,0.4,15,18.3,0,452.08
VEH_001,68b89b2d4f65cd554d7511bd,2025-11-10T09:00:00,ON,36.9,220,7565.99,59.13,40.5,49.2,0.35,38,18.57,0,454.29
VEH_001,68b89b2d4f65cd554d7511bd,2025-11-10T10:00:00,ON,39.58,221,7605.57,56.76,40.1,45.3,0.09,46,19.37,0,456.66
VEH_001,68b89b2d4f65cd554d7511bd,2025-11-10T11:00:00,ON,35.34,222,7640.91,54.64,41,52.2,-0.32,36,18.1,0,458.78
VEH_001,68b89b2d4f65cd554d7511bd,2025-11-10T12:00:00,ON,37.61,223,7678.53,52.38,40.2,42.9,-0.11,24,18.78,0,461.04
VEH_001,68b89b2d4f65cd554d7511bd,2025-11-10T13:00:00,ON,45.42,224,7723.95,49.66,40.3,47.2,-0.07,38,21.13,0,463.77
VEH_001,68b89b2d4f65cd554d7511bd,2025-11-10T14:00:00,ON,49.01,225,7772.96,46.72,41,52.9,0.1,37,22.2,0,466.71
VEH_001,68b89b2d4f65cd554d7511bd,2025-11-10T15:00:00,ON,50.27,226,7823.23,43.7,40.8,48,-0.15,3,22.58,0,469.72
VEH_001,68b89b2d4f65cd554d7511bd,2025-11-10T16:00:00,ON,49.34,227,7872.57,40.74,40.5,49.1,0.14,7,22.3,0,472.68
VEH_001,68b89b2d4f65cd554d7511bd,2025-11-10T17:00:00,ON,55.43,228,7928,37.41,40.6,49.4,0.17,22,24.13,0,476.01
VEH_001,68b89b2d4f65cd554d7511bd,2025-11-10T18:00:00,ON,53.48,229,7981.48,34.2,40.1,46.8,0.08,35,23.54,0,479.22
VEH_001,68b89b2d4f65cd554d7511bd,2025-11-10T19:00:00,ON,60.87,230,8042.34,30.55,39.8,53.2,-0.08,15,25.76,0,482.87
VEH_001,68b89b2d4f65cd554d7511bd,2025-11-10T20:00:00,ON,52.89,231,8095.23,27.38,39.3,45.7,-0.38,39,23.37,0,486.04
VEH_001,68b89b2d4f65cd554d7511bd,2025-11-10T21:00:00,ON,45.21,232,8140.44,24.67,39.1,51.1,-0.41,21,21.06,0,488.76
VEH_001,68b89b2d4f65cd554d7511bd,2025-11-10T22:00:00,ON,38.63,233,8179.07,22.35,38.7,48.3,0.21,13,19.09,0,491.07
VEH_001,68b89b2d4f65cd554d7511bd,2025-11-10T23:00:00,ON,32.52,234,8211.59,20.4,38.9,41.3,-0.26,0,17.25,0,493.03
VEH_001,68b89b2d4f65cd554d7511bd,2025-11-11T00:00:00,ON,29.4,235,8241,18.63,38.4,45.2,0.42,42,16.32,0,494.79
VEH_001,68b89b2d4f65cd554d7511bd,2025-11-11T01:00:00,ON,30.6,236,8271.59,16.8,39.4,38.3,0.04,44,16.68,0,496.63
VEH_001,68b89b2d4f65cd554d7511bd,2025-11-11T02:00:00,ON,28.69,237,8300.28,15.08,39.4,45.4,-0.2,8,16.11,0,498.35
VEH_001,68b89b2d4f65cd554d7511bd,2025-11-11T03:00:00,ON,25.85,238,8326.13,58.14,39.7,44.9,0.08,32,15.25,0,499.9
VEH_001,68b89b2d4f65cd554d7511bd,2025-11-11T04:00:00,ON,32.61,239,8358.74,56.18,39.7,48.7,-0.33,2,17.28,0,501.85
VEH_001,68b89b2d4f65cd554d7511bd,2025-11-11T05:00:00,ON,39.86,240,8398.6,53.79,39.9,45.5,-0.02,3,19.46,0,504.25
VEH_001,68b89b2d4f65cd554d7511bd,2025-11-11T06:00:00,ON,34.02,241,8432.62,51.75,40.1,46.9,-0.07,12,17.71,0,506.29
VEH_001,68b89b2d4f65cd554d7511bd,2025-11-11T07:00:00,ON,41,242,8473.62,49.29,40.1,49.6,-0.5,42,19.8,0,508.75
VEH_001,68b89b2d4f65cd554d7511bd,2025-11-11T08:00:00,ON,42.92,243,8516.54,46.71,39.9,47.9,-0.44,10,20.38,0,511.32
VEH_001,68b89b2d4f65cd554d7511bd,2025-11-11T09:00:00,ON,46.98,244,8563.53,43.9,40.5,48.2,-0.33,20,21.6,0,514.14
VEH_001,68b89b2d4f65cd554d7511bd,2025-11-11T10:00:00,ON,40.93,245,8604.45,41.44,39.8,48.5,-0.44,3,19.78,0,516.6
VEH_001,68b89b2d4f65cd554d7511bd,2025-11-11T11:00:00,ON,43.06,246,8647.51,38.86,39.6,47,0.16,37,20.42,0,519.18
VEH_001,68b89b2d4f65cd554d7511bd,2025-11-11T12:00:00,ON,41.88,247,8689.39,36.34,39.4,44.7,-0.13,27,20.06,0,521.69
VEH_001,68b89b2d4f65cd554d7511bd,2025-11-11T13:00:00,ON,41.58,248,8730.97,33.85,39.3,47.4,0.29,20,19.97,0,524.19
VEH_001,68b89b2d4f65cd554d7511bd,2025-11-11T14:00:00,ON,45.75,249,8776.71,31.1,38.9,46.8,0.05,20,21.22,0,526.93
VEH_001,68b89b2d4f65cd554d7511bd,2025-11-11T15:00:00,ON,51.26,250,8827.97,28.03,38.9,49.9,0.24,39,22.88,0,530.01
VEH_001,68b89b2d4f65cd554d7511bd,2025-11-11T16:00:00,ON,56.23,251,8884.2,24.66,38.5,53.8,-0.37,16,24.37,0,533.38
VEH_001,68b89b2d4f65cd554d7511bd,2025-11-11T17:00:00,ON,58.77,252,8942.96,21.13,38.4,52.9,0.43,39,25.13,0,536.91
VEH_001,68b89b2d4f65cd554d7511bd,2025-11-11T18:00:00,ON,58.15,253,9001.11,17.64,38.3,53.9,0.11,22,24.94,0,540.4
VEH_001,68b89b2d4f65cd554d7511bd,2025-11-11T19:00:00,ON,58.44,254,9059.56,14.13,38.6,52.7,-0.42,42,25.03,0,543.9
VEH_001,68b89b2d4f65cd554d7511bd,2025-11-11T20:00:00,ON,60.99,255,9120.54,10.47,38.7,48,-0.04,35,25.8,0,547.56
VEH_001,68b89b2d4f65cd554d7511bd,2025-11-11T21:00:00,ON,58.58,256,9179.13,6.96,38.7,56.3,-0.23,37,25.08,0,551.08
VEH_001,68b89b2d4f65cd554d7511bd,2025-11-11T22:00:00,ON,51.91,257,9231.03,3.85,39,49.1,-0.43,24,23.07,0,554.19
VEH_001,68b89b2d4f65cd554d7511bd,2025-11-11T23:00:00,ON,52.39,258,9283.42,69.76,38.7,49.8,0.48,12,23.22,0,557.34
VEH_001,68b89b2d4f65cd554d7511bd,2025-11-12T00:00:00,ON,53.71,259,9337.13,66.53,39,53.6,0.16,10,23.61,0,560.56
VEH_001,68b89b2d4f65cd554d7511bd,2025-11-12T01:00:00,ON,46.41,260,9383.54,63.75,39.3,50.1,-0.4,39,21.42,0,563.34
VEH_001,68b89b2d4f65cd554d7511bd,2025-11-12T02:00:00,ON,45.32,261,9428.87,61.03,38.9,54.3,0.44,29,21.1,0,566.06
VEH_001,68b89b2d4f65cd554d7511bd,2025-11-12T03:00:00,ON,52.18,262,9481.04,57.9,38.5,50.5,0.49,31,23.15,0,569.19
VEH_001,68b89b2d4f65cd554d7511bd,2025-11-12T04:00:00,ON,49.25,263,9530.29,54.94,38.5,51.1,0.14,20,22.27,0,572.15
VEH_001,68b89b2d4f65cd554d7511bd,2025-11-12T05:00:00,ON,56.9,264,9587.19,51.53,37.8,49.5,-0.45,21,24.57,0,575.56
VEH_001,68b89b2d4f65cd554d7511bd,2025-11-12T06:00:00,ON,60.95,265,9648.14,47.87,37.9,58.4,-0.39,20,25.79,0,579.22
VEH_001,68b89b2d4f65cd554d7511bd,2025-11-12T07:00:00,ON,64.57,266,9712.71,44,38,55.3,0.34,12,26.87,0,583.09
VEH_001,68b89b2d4f65cd554d7511bd,2025-11-12T08:00:00,ON,63.18,267,9775.89,40.21,37.4,56.4,-0.39,22,26.45,0,586.88
VEH_001,68b89b2d4f65cd554d7511bd,2025-11-12T09:00:00,ON,66.2,268,9842.09,36.24,38,54.1,-0.04,15,27.36,0,590.86
VEH_001,68b89b2d4f65cd554d7511bd,2025-11-12T10:00:00,ON,71.19,269,9913.28,31.96,38.2,55.1,0.38,33,28.86,0,595.13
VEH_001,68b89b2d4f65cd554d7511bd,2025-11-12T11:00:00,ON,66.46,270,9979.74,27.98,37.9,52.8,-0.14,12,27.44,0,599.11
VEH_001,68b89b2d4f65cd554d7511bd,2025-11-12T12:00:00,ON,67.08,271,10046.82,23.95,38.1,56.7,-0.49,33,27.62,0,603.14
VEH_001,68b89b2d4f65cd554d7511bd,2025-11-12T13:00:00,ON,71.21,272,10118.03,19.68,38.2,57,0,3,28.86,0,607.41
VEH_001,68b89b2d4f65cd554d7511bd,2025-11-12T14:00:00,ON,69.38,273,10187.41,15.52,38.7,55.5,0.16,39,28.31,0,611.57
VEH_001,68b89b2d4f65cd554d7511bd,2025-11-12T15:00:00,ON,64.23,274,10251.65,56.67,38.6,54,-0.1,6,26.77,0,615.43
VEH_001,68b89b2d4f65cd554d7511bd,2025-11-12T16:00:00,ON,63.93,275,10315.58,52.83,38.1,55.3,0.06,3,26.68,0,619.26
VEH_001,68b89b2d4f65cd554d7511bd,2025-11-12T17:00:00,ON,56.78,276,10372.35,49.43,37.8,56.8,-0.48,18,24.53,0,622.67
VEH_001,68b89b2d4f65cd554d7511bd,2025-11-12T18:00:00,ON,56.75,277,10429.1,46.02,38.5,52.3,0.28,37,24.52,0,626.08
VEH_001,68b89b2d4f65cd554d7511bd,2025-11-12T19:00:00,ON,52.1,278,10481.2,42.9,38.3,45.5,-0.38,48,23.13,0,629.2
VEH_001,68b89b2d4f65cd554d7511bd,2025-11-12T20:00:00,ON,51.05,279,10532.25,39.83,38.4,54.7,0.5,44,22.81,0,632.27
VEH_001,68b89b2d4f65cd554d7511bd,2025-11-12T21:00:00,ON,45.82,280,10578.08,37.08,38.7,50.7,0.49,10,21.25,0,635.01
VEH_001,68b89b2d4f65cd554d7511bd,2025-11-12T22:00:00,ON,49.66,281,10627.74,34.1,38.3,51.4,-0.33,42,22.4,0,637.99
VEH_001,68b89b2d4f65cd554d7511bd,2025-11-12T23:00:00,ON,42.05,282,10669.79,31.58,38.3,43.4,0.44,41,20.12,0,640.52
VEH_001,68b89b2d4f65cd554d7511bd,2025-11-13T00:00:00,ON,47.7,283,10717.49,28.72,38.4,46.4,-0.06,4,21.81,0,643.38
VEH_001,68b89b2d4f65cd554d7511bd,2025-11-13T01:00:00,ON,50.99,284,10768.48,25.66,37.3,50.2,-0.49,23,22.8,0,646.44
VEH_001,68b89b2d4f65cd554d7511bd,2025-11-13T02:00:00,ON,43.9,285,10812.38,23.03,36.9,49.6,-0.05,12,20.67,0,649.07
VEH_001,68b89b2d4f65cd554d7511bd,2025-11-13T03:00:00,ON,40.19,286,10852.58,20.61,36.8,47.9,0.06,20,19.56,0,651.48
VEH_001,68b89b2d4f65cd554d7511bd,2025-11-13T04:00:00,ON,40.71,287,10893.29,18.17,36.6,48.3,0.06,6,19.71,0,653.93
VEH_001,68b89b2d4f65cd554d7511bd,2025-11-13T05:00:00,ON,39.01,288,10932.3,15.83,36.6,46.9,0.48,4,19.2,0,656.27
VEH_001,68b89b2d4f65cd554d7511bd,2025-11-13T06:00:00,ON,41.48,289,10973.77,13.34,37.6,48.2,-0.15,40,19.94,0,658.76
VEH_001,68b89b2d4f65cd554d7511bd,2025-11-13T07:00:00,ON,33.83,290,11007.6,11.31,37.7,46.7,0.48,33,17.65,0,660.79
VEH_001,68b89b2d4f65cd554d7511bd,2025-11-13T08:00:00,ON,32.29,291,11039.89,9.37,38.5,41.7,0.35,9,17.19,0,662.72
VEH_001,68b89b2d4f65cd554d7511bd,2025-11-13T09:00:00,ON,26.94,292,11066.84,7.76,38.7,37.5,0.15,21,15.58,0,664.34
VEH_001,68b89b2d4f65cd554d7511bd,2025-11-13T10:00:00,ON,23.59,293,11090.43,6.34,38.3,37,0.37,25,14.58,0,665.76
VEH_001,68b89b2d4f65cd554d7511bd,2025-11-13T11:00:00,ON,20.88,294,11111.31,5.09,38.3,40.6,-0.05,27,13.76,0,667.01
VEH_001,68b89b2d4f65cd554d7511bd,2025-11-13T12:00:00,ON,25.23,295,11136.54,45.53,38.5,45.1,0.04,34,15.07,0,668.52
VEH_001,68b89b2d4f65cd554d7511bd,2025-11-13T13:00:00,ON,18.92,296,11155.45,44.4,38.4,39.8,0.28,10,13.17,0,669.66
VEH_001,68b89b2d4f65cd554d7511bd,2025-11-13T14:00:00,ON,14.18,297,11169.63,43.55,38.9,41.7,0.08,20,11.75,0,670.51
VEH_001,68b89b2d4f65cd554d7511bd,2025-11-13T15:00:00,ON,11.17,298,11180.8,42.88,38.6,31.6,0.06,1,10.85,0,671.18
VEH_001,68b89b2d4f65cd554d7511bd,2025-11-13T16:00:00,ON,8.24,299,11189.05,42.38,39.1,36.9,0.48,32,9.97,0,671.67
VEH_001,68b89b2d4f65cd554d7511bd,2025-11-13T17:00:00,ON,9.81,300,11198.86,41.79,39.3,41.5,0.32,36,10.44,0,672.26
VEH_001,68b89b2d4f65cd554d7511bd,2025-11-13T18:00:00,ON,8.86,301,11207.72,41.26,38.9,37.8,0.47,44,10.16,0,672.79
VEH_001,68b89b2d4f65cd554d7511bd,2025-11-13T19:00:00,ON,16.6,302,11224.32,40.27,39.5,37.5,0.38,30,12.48,0,673.79
VEH_001,68b89b2d4f65cd554d7511bd,2025-11-13T20:00:00,ON,19.1,303,11243.42,39.12,39.7,39.7,-0.12,34,13.23,0,674.94
VEH_001,68b89b2d4f65cd554d7511bd,2025-11-13T21:00:00,ON,14.1,304,11257.52,38.27,39.9,43.9,-0.19,10,11.73,0,675.78
VEH_001,68b89b2d4f65cd554d7511bd,2025-11-13T22:00:00,ON,20.52,305,11278.04,37.04,40,43.3,0.38,29,13.66,0,677.01
VEH_001,68b89b2d4f65cd554d7511bd,2025-11-13T23:00:00,ON,15.3,306,11293.34,36.12,39.8,39.2,-0.36,40,12.09,0,677.93
VEH_001,68b89b2d4f65cd554d7511bd,2025-11-14T00:00:00,ON,19.14,307,11312.48,34.98,39.7,45.8,0.24,43,13.24,0,679.08
VEH_001,68b89b2d4f65cd554d7511bd,2025-11-14T01:00:00,ON,18.68,308,11331.15,33.86,39,41.8,-0.17,39,13.1,0,680.2
VEH_001,68b89b2d4f65cd554d7511bd,2025-11-14T02:00:00,ON,10.74,309,11341.89,33.21,38.7,40.5,-0.28,14,10.72,0,680.84
VEH_001,68b89b2d4f65cd554d7511bd,2025-11-14T03:00:00,ON,6.14,310,11348.03,32.84,38.5,38.2,0.37,38,9.34,0,681.21
VEH_001,68b89b2d4f65cd554d7511bd,2025-11-14T04:00:00,ON,11.06,311,11359.09,32.18,38.6,40.6,-0.5,26,10.82,0,681.88
VEH_001,68b89b2d4f65cd554d7511bd,2025-11-14T05:00:00,ON,9.29,312,11368.38,31.62,38.8,35.5,-0.09,13,10.29,0,682.43
VEH_001,68b89b2d4f65cd554d7511bd,2025-11-14T06:00:00,ON,8.96,313,11377.34,64.51,38.6,38.8,0.47,2,10.19,0,682.97
VEH_001,68b89b2d4f65cd554d7511bd,2025-11-14T07:00:00,ON,13.02,314,11390.36,63.73,38.4,41.3,-0.22,46,11.41,0,683.75
VEH_001,68b89b2d4f65cd554d7511bd,2025-11-14T08:00:00,ON,12.22,315,11402.58,63,38.1,37.9,-0.43,16,11.17,0,684.49
VEH_001,68b89b2d4f65cd554d7511bd,2025-11-14T09:00:00,ON,8.09,316,11410.67,62.51,38,37.5,-0.2,10,9.93,0,684.97
VEH_001,68b89b2d4f65cd554d7511bd,2025-11-14T10:00:00,ON,1.28,317,11411.95,62.44,37.9,37.3,0.1,3,7.88,0,685.05
VEH_001,68b89b2d4f65cd554d7511bd,2025-11-14T11:00:00,ON,7.31,318,11419.27,62,37.6,36.4,-0.16,15,9.69,0,685.49
VEH_001,68b89b2d4f65cd554d7511bd,2025-11-14T12:00:00,ON,3.15,319,11422.41,61.81,37.9,36.2,-0.44,19,8.44,0,685.67
VEH_001,68b89b2d4f65cd554d7511bd,2025-11-14T13:00:00,ON,0,320,11422.41,61.78,38.3,24.9,0.24,8,0,0.03,685.7
VEH_001,68b89b2d4f65cd554d7511bd,2025-11-14T14:00:00,ON,6.55,321,11428.97,61.39,38.7,38.3,0.38,0,9.47,0,686.1
VEH_001,68b89b2d4f65cd554d7511bd,2025-11-14T15:00:00,ON,0,322,11428.97,61.36,38.5,29.1,-0.04,14,0,0.03,686.13
VEH_001,68b89b2d4f65cd554d7511bd,2025-11-14T16:00:00,ON,1.63,323,11430.6,61.26,38.6,35.2,0.11,37,7.99,0,686.23
VEH_001,68b89b2d4f65cd554d7511bd,2025-11-14T17:00:00,ON,3.1,324,11433.7,61.07,39,33.4,0.01,27,8.43,0,686.41
VEH_001,68b89b2d4f65cd554d7511bd,2025-11-14T18:00:00,ON,0,325,11433.7,61.04,39.3,27.9,0.47,43,0,0.03,686.44
VEH_001,68b89b2d4f65cd554d7511bd,2025-11-14T19:00:00,ON,7.21,326,11440.9,60.61,39.9,38.8,0.01,22,9.66,0,686.87
VEH_001,68b89b2d4f65cd554d7511bd,2025-11-14T20:00:00,ON,5.72,327,11446.62,60.27,40,35.6,0.41,18,9.22,0,687.22
VEH_001,68b89b2d4f65cd554d7511bd,2025-11-14T21:00:00,ON,2.15,328,11448.77,60.14,39.4,35.5,0.11,44,8.14,0,687.35
VEH_001,68b89b2d4f65cd554d7511bd,2025-11-14T22:00:00,ON,1.74,329,11450.51,60.03,39.8,41.5,0.35,48,8.02,0,687.45
VEH_001,68b89b2d4f65cd554d7511bd,2025-11-14T23:00:00,ON,0,330,11450.51,60,40.2,25.7,0.01,42,0,0.03,687.48
VEH_001,68b89b2d4f65cd554d7511bd,2025-11-15T00:00:00,ON,0,331,11450.51,59.97,40,28.2,-0.22,16,0,0.03,687.51
VEH_001,68b89b2d4f65cd554d7511bd,2025-11-15T01:00:00,ON,0,332,11450.51,59.94,40.4,24.9,0.2,18,0,0.03,687.54
VEH_001,68b89b2d4f65cd554d7511bd,2025-11-15T02:00:00,ON,0,333,11450.51,59.91,40.4,21.7,-0.11,18,0,0.03,687.57
VEH_001,68b89b2d4f65cd554d7511bd,2025-11-15T03:00:00,ON,0,334,11450.51,59.88,40.7,23.1,0.32,38,0,0.03,687.6
VEH_001,68b89b2d4f65cd554d7511bd,2025-11-15T04:00:00,ON,7.26,335,11457.77,59.45,41.3,39.3,-0.46,19,9.68,0,688.04
VEH_001,68b89b2d4f65cd554d7511bd,2025-11-15T05:00:00,ON,10.25,336,11468.02,58.83,41.6,36.1,-0.13,18,10.57,0,688.65
VEH_001,68b89b2d4f65cd554d7511bd,2025-11-15T06:00:00,ON,11.79,337,11479.82,58.12,40.7,38.2,-0.18,40,11.04,0,689.36
VEH_001,68b89b2d4f65cd554d7511bd,2025-11-15T07:00:00,ON,18.86,338,11498.67,56.99,41,38.2,0.09,9,13.16,0,690.49
VEH_001,68b89b2d4f65cd554d7511bd,2025-11-15T08:00:00,ON,18.89,339,11517.57,55.86,41.6,42,0.24,28,13.17,0,691.62
VEH_001,68b89b2d4f65cd554d7511bd,2025-11-15T09:00:00,ON,11.96,340,11529.52,55.14,41.1,34.5,-0.01,44,11.09,0,692.34
VEH_001,68b89b2d4f65cd554d7511bd,2025-11-15T10:00:00,ON,10.35,341,11539.87,54.52,40.9,36.8,-0.03,23,10.6,0,692.96
VEH_001,68b89b2d4f65cd554d7511bd,2025-11-15T11:00:00,ON,12.78,342,11552.65,53.75,41.1,37.4,0.17,8,11.33,0,693.73
VEH_001,68b89b2d4f65cd554d7511bd,2025-11-15T12:00:00,ON,9.68,343,11562.34,53.17,41.8,41.5,0.32,27,10.41,0,694.31
VEH_001,68b89b2d4f65cd554d7511bd,2025-11-15T13:00:00,ON,10.95,344,11573.29,52.52,41.7,38.2,0.03,33,10.79,0,694.97
VEH_001,68b89b2d4f65cd554d7511bd,2025-11-15T14:00:00,ON,5.62,345,11578.91,52.18,41.6,34.3,-0.47,17,9.19,0,695.3
VEH_001,68b89b2d4f65cd554d7511bd,2025-11-15T15:00:00,ON,7.81,346,11586.72,51.71,41.4,37.1,-0.19,37,9.84,0,695.77
VEH_001,68b89b2d4f65cd554d7511bd,2025-11-15T16:00:00,ON,13.37,347,11600.09,50.91,41.1,39.9,0.06,30,11.51,0,696.58
VEH_001,68b89b2d4f65cd554d7511bd,2025-11-15T17:00:00,ON,16.38,348,11616.47,49.93,41.6,38.9,0.01,10,12.41,0,697.56
VEH_001,68b89b2d4f65cd554d7511bd,2025-11-15T18:00:00,ON,10.55,349,11627.02,49.29,41.6,33.9,-0.19,14,10.67,0,698.19
VEH_001,68b89b2d4f65cd554d7511bd,2025-11-15T19:00:00,ON,10.36,350,11637.38,48.67,41,37.2,-0.13,34,10.61,0,698.81
VEH_001,68b89b2d4f65cd554d7511bd,2025-11-15T20:00:00,ON,16.57,351,11653.95,47.68,41.5,36.3,-0.16,3,12.47,0,699.81
VEH_001,68b89b2d4f65cd554d7511bd,2025-11-15T21:00:00,ON,24.25,352,11678.2,46.22,40.9,39.4,-0.25,22,14.78,0,701.26
VEH_001,68b89b2d4f65cd554d7511bd,2025-11-15T22:00:00,ON,23.3,353,11701.5,44.82,40.9,40.3,-0.44,45,14.49,0,702.66
VEH_001,68b89b2d4f65cd554d7511bd,2025-11-15T23:00:00,ON,26.14,354,11727.64,43.25,40.7,43.6,-0.33,23,15.34,0,704.23
VEH_001,68b89b2d4f65cd554d7511bd,2025-11-16T00:00:00,ON,34.13,355,11761.78,41.21,41.2,44.4,0.28,34,17.74,0,706.28
VEH_001,68b89b2d4f65cd554d7511bd,2025-11-16T01:00:00,ON,40.22,356,11801.99,38.79,41.4,44.5,-0.1,27,19.57,0,708.69
VEH_001,68b89b2d4f65cd554d7511bd,2025-11-16T02:00:00,ON,45.86,357,11847.86,36.04,41.6,50,0.1,44,21.26,0,711.44
VEH_001,68b89b2d4f65cd554d7511bd,2025-11-16T03:00:00,ON,45.2,358,11893.05,33.33,41.2,47.4,0.18,40,21.06,0,714.15
VEH_001,68b89b2d4f65cd554d7511bd,2025-11-16T04:00:00,ON,51.23,359,11944.28,30.26,41.2,52,-0.02,31,22.87,0,717.23
VEH_001,68b89b2d4f65cd554d7511bd,2025-11-16T05:00:00,ON,51.1,360,11995.38,27.19,41.2,57.7,-0.06,26,22.83,0,720.29
VEH_001,68b89b2d4f65cd554d7511bd,2025-11-16T06:00:00,ON,51.28,361,12046.66,24.11,41.6,54,0.26,3,22.88,0,723.37
VEH_001,68b89b2d4f65cd554d7511bd,2025-11-16T07:00:00,ON,56.19,362,12102.85,20.74,41.4,49.1,-0.26,37,24.36,0,726.74
VEH_001,68b89b2d4f65cd554d7511bd,2025-11-16T08:00:00,ON,52.28,363,12155.13,17.61,41.8,53.1,0.26,21,23.18,0,729.88
VEH_001,68b89b2d4f65cd554d7511bd,2025-11-16T09:00:00,ON,55.29,364,12210.41,14.29,41.5,49.8,0.3,23,24.09,0,733.19
VEH_001,68b89b2d4f65cd554d7511bd,2025-11-16T10:00:00,ON,59.01,365,12269.43,10.75,40.9,53.1,0.13,14,25.2,0,736.74
VEH_001,68b89b2d4f65cd554d7511bd,2025-11-16T11:00:00,ON,53.3,366,12322.73,7.55,40.8,53.1,0.11,39,23.49,0,739.93
VEH_001,68b89b2d4f65cd554d7511bd,2025-11-16T12:00:00,ON,51.69,367,12374.41,4.45,41,56.4,0.08,31,23.01,0,743.03
VEH_001,68b89b2d4f65cd554d7511bd,2025-11-16T13:00:00,ON,44.84,368,12419.26,1.76,41.3,49,0.29,15,20.95,0,745.73
VEH_001,68b89b2d4f65cd554d7511bd,2025-11-16T14:00:00,ON,44.5,369,12463.75,51.3,41,46.2,0.36,2,20.85,0,748.4
VEH_001,68b89b2d4f65cd554d7511bd,2025-11-16T15:00:00,ON,49.35,370,12513.1,48.34,41.2,52.5,-0.18,38,22.31,0,751.36
VEH_001,68b89b2d4f65cd554d7511bd,2025-11-16T16:00:00,ON,44.97,371,12558.07,45.64,41.1,49.2,-0.14,24,20.99,0,754.05
VEH_001,68b89b2d4f65cd554d7511bd,2025-11-16T17:00:00,ON,38.93,372,12597.01,43.31,41.2,39.6,0.09,7,19.18,0,756.39
VEH_001,68b89b2d4f65cd554d7511bd,2025-11-16T18:00:00,ON,39.81,373,12636.81,40.92,41.3,41.1,-0.27,23,19.44,0,758.78
VEH_001,68b89b2d4f65cd554d7511bd,2025-11-16T19:00:00,ON,36.45,374,12673.26,38.73,42,47,-0.1,30,18.43,0,760.97
VEH_001,68b89b2d4f65cd554d7511bd,2025-11-16T20:00:00,ON,33,375,12706.26,36.75,42.2,43.7,-0.22,37,17.4,0,762.95
VEH_001,68b89b2d4f65cd554d7511bd,2025-11-16T21:00:00,ON,39.33,376,12745.59,34.39,42.2,48.5,-0.42,27,19.3,0,765.31
VEH_001,68b89b2d4f65cd554d7511bd,2025-11-16T22:00:00,ON,32.96,377,12778.55,32.42,42.1,44.1,0.29,14,17.39,0,767.28
VEH_001,68b89b2d4f65cd554d7511bd,2025-11-16T23:00:00,ON,40.05,378,12818.59,30.01,42.5,48,-0.38,22,19.51,0,769.69
VEH_001,68b89b2d4f65cd554d7511bd,2025-11-17T00:00:00,ON,39.95,379,12858.54,27.62,42.7,48.8,0.17,32,19.48,0,772.08
VEH_001,68b89b2d4f65cd554d7511bd,2025-11-17T01:00:00,ON,36.4,380,12894.94,25.43,42.4,52,0.5,16,18.42,0,774.27
VEH_001,68b89b2d4f65cd554d7511bd,2025-11-17T02:00:00,ON,34.16,381,12929.1,23.38,42.2,42.1,-0.45,40,17.75,0,776.32
VEH_001,68b89b2d4f65cd554d7511bd,2025-11-17T03:00:00,ON,29.14,382,12958.24,21.63,41.3,42,0.37,21,16.24,0,778.06
VEH_001,68b89b2d4f65cd554d7511bd,2025-11-17T04:00:00,ON,24.59,383,12982.84,20.16,41.8,40.8,0.15,17,14.88,0,779.54
VEH_001,68b89b2d4f65cd554d7511bd,2025-11-17T05:00:00,ON,28.38,384,13011.22,18.46,41.7,43,0.08,20,16.02,0,781.24
VEH_001,68b89b2d4f65cd554d7511bd,2025-11-17T06:00:00,ON,24.98,385,13036.2,16.96,42.5,42.9,-0.23,9,15,0,782.74
VEH_001,68b89b2d4f65cd554d7511bd,2025-11-17T07:00:00,ON,17.22,386,13053.42,15.92,42.1,39.8,-0.1,16,12.67,0,783.78
VEH_001,68b89b2d4f65cd554d7511bd,2025-11-17T08:00:00,ON,23.72,387,13077.14,14.5,41,42.1,0.26,27,14.61,0,785.2
VEH_001,68b89b2d4f65cd554d7511bd,2025-11-17T09:00:00,ON,19.99,388,13097.13,13.3,40.8,39.3,-0.12,40,13.5,0,786.4
VEH_001,68b89b2d4f65cd554d7511bd,2025-11-17T10:00:00,ON,13.91,389,13111.04,43.33,40.9,39.6,-0.15,11,11.67,0,787.23
VEH_001,68b89b2d4f65cd554d7511bd,2025-11-17T11:00:00,ON,5.94,390,13116.98,42.98,41.5,37.3,0.35,8,9.28,0,787.59
VEH_001,68b89b2d4f65cd554d7511bd,2025-11-17T12:00:00,ON,6.69,391,13123.67,42.57,41.5,33.2,-0.29,3,9.51,0,787.99
VEH_001,68b89b2d4f65cd554d7511bd,2025-11-17T13:00:00,ON,13.08,392,13136.75,41.79,41.8,39.5,-0.03,22,11.42,0,788.77
VEH_001,68b89b2d4f65cd554d7511bd,2025-11-17T14:00:00,ON,15.83,393,13152.57,40.84,42.1,45.3,0.14,31,12.25,0,789.72
VEH_001,68b89b2d4f65cd554d7511bd,2025-11-17T15:00:00,ON,9.04,394,13161.61,40.3,42.2,36.2,-0.36,25,10.21,0,790.27
VEH_001,68b89b2d4f65cd554d7511bd,2025-11-17T16:00:00,ON,14.59,395,13176.2,39.42,42,39.6,0.41,30,11.88,0,791.14
VEH_001,68b89b2d4f65cd554d7511bd,2025-11-17T17:00:00,ON,17.38,396,13193.58,38.38,42.2,39.8,-0.03,46,12.71,0,792.18
VEH_001,68b89b2d4f65cd554d7511bd,2025-11-17T18:00:00,ON,10.35,397,13203.92,37.76,42.3,38.2,-0.27,32,10.6,0,792.81
VEH_001,68b89b2d4f65cd554d7511bd,2025-11-17T19:00:00,ON,17.67,398,13221.6,36.7,42.7,45.6,-0.42,37,12.8,0,793.87
VEH_001,68b89b2d4f65cd554d7511bd,2025-11-17T20:00:00,ON,24.53,399,13246.13,35.23,42.7,42.2,0.06,5,14.86,0,795.34
VEH_001,68b89b2d4f65cd554d7511bd,2025-11-17T21:00:00,ON,23.66,400,13269.79,33.81,42.1,43.5,-0.26,5,14.6,0,796.76
VEH_001,68b89b2d4f65cd554d7511bd,2025-11-17T22:00:00,ON,17.4,401,13287.19,32.76,42.3,41.8,0.02,11,12.72,0,797.8
VEH_001,68b89b2d4f65cd554d7511bd,2025-11-17T23:00:00,ON,13.56,402,13300.75,31.95,42.2,39.7,0.48,3,11.57,0,798.61
VEH_001,68b89b2d4f65cd554d7511bd,2025-11-18T00:00:00,ON,18.83,403,13319.57,30.82,42,38.8,0.45,33,13.15,0,799.74
VEH_001,68b89b2d4f65cd554d7511bd,2025-11-18T01:00:00,ON,22.94,404,13342.52,29.44,42.6,39.8,0.14,38,14.38,0,801.12
VEH_001,68b89b2d4f65cd554d7511bd,2025-11-18T02:00:00,ON,27.44,405,13369.96,27.8,42.9,44.3,0.34,35,15.73,0,802.77
VEH_001,68b89b2d4f65cd554d7511bd,2025-11-18T03:00:00,ON,25.16,406,13395.12,26.29,43.4,39.7,-0.18,1,15.05,0,804.28
VEH_001,68b89b2d4f65cd554d7511bd,2025-11-18T04:00:00,ON,25.39,407,13420.51,24.76,43.6,41.5,0.39,44,15.12,0,805.8
VEH_001,68b89b2d4f65cd554d7511bd,2025-11-18T05:00:00,ON,19.29,408,13439.8,23.61,43,37.7,0.25,34,13.29,0,806.96
VEH_001,68b89b2d4f65cd554d7511bd,2025-11-18T06:00:00,ON,12.21,409,13452.01,22.87,42.4,41.9,-0.08,0,11.16,0,807.69
VEH_001,68b89b2d4f65cd554d7511bd,2025-11-18T07:00:00,ON,8.06,410,13460.07,22.39,41.6,37.6,-0.28,40,9.92,0,808.17
VEH_001,68b89b2d4f65cd554d7511bd,2025-11-18T08:00:00,ON,3.72,411,13463.78,22.17,41.2,33.4,-0.07,10,8.61,0,808.4
VEH_001,68b89b2d4f65cd554d7511bd,2025-11-18T09:00:00,ON,4.73,412,13468.51,21.88,41.5,36,-0.07,6,8.92,0,808.68
VEH_001,68b89b2d4f65cd554d7511bd,2025-11-18T10:00:00,ON,10.26,413,13478.78,21.27,41.6,34.7,-0.24,47,10.58,0,809.3
VEH_001,68b89b2d4f65cd554d7511bd,2025-11-18T11:00:00,ON,7.57,414,13486.34,20.81,41.7,37.4,-0.09,23,9.77,0,809.75
VEH_001,68b89b2d4f65cd554d7511bd,2025-11-18T12:00:00,ON,12.8,415,13499.14,20.05,41.9,37.4,0.32,33,11.34,0,810.52
VEH_001,68b89b2d4f65cd554d7511bd,2025-11-18T13:00:00,ON,18.81,416,13517.95,18.92,42.4,39.6,-0.37,40,13.14,0,811.65
VEH_001,68b89b2d4f65cd554d7511bd,2025-11-18T14:00:00,ON,10.81,417,13528.76,18.27,42.4,36.5,-0.2,2,10.74,0,812.3
VEH_001,68b89b2d4f65cd554d7511bd,2025-11-18T15:00:00,ON,16.93,418,13545.7,17.25,42,43.1,0.14,40,12.58,0,813.31
VEH_001,68b89b2d4f65cd554d7511bd,2025-11-18T16:00:00,ON,22.51,419,13568.21,15.9,41.6,45,0.32,13,14.25,0,814.66
VEH_001,68b89b2d4f65cd554d7511bd,2025-11-18T17:00:00,ON,16.51,420,13584.72,14.91,41.2,41.9,0.04,7,12.45,0,815.65
VEH_001,68b89b2d4f65cd554d7511bd,2025-11-18T18:00:00,ON,19.09,421,13603.81,13.77,40.9,42.2,0.08,10,13.23,0,816.8
VEH_001,68b89b2d4f65cd554d7511bd,2025-11-18T19:00:00,ON,21.15,422,13624.96,12.5,40.7,39.3,0.06,48,13.84,0,818.07
VEH_001,68b89b2d4f65cd554d7511bd,2025-11-18T20:00:00,ON,21.37,423,13646.33,11.22,40.8,43,0.21,5,13.91,0,819.35
VEH_001,68b89b2d4f65cd554d7511bd,2025-11-18T21:00:00,ON,28.1,424,13674.43,9.53,41.2,45.9,-0.3,12,15.93,0,821.04
VEH_001,68b89b2d4f65cd554d7511bd,2025-11-18T22:00:00,ON,23.52,425,13697.95,8.12,40.9,44.2,-0.06,0,14.56,0,822.45
VEH_001,68b89b2d4f65cd554d7511bd,2025-11-18T23:00:00,ON,20.51,426,13718.46,6.89,41.4,40.4,0.3,32,13.65,0,823.68
VEH_001,68b89b2d4f65cd554d7511bd,2025-11-19T00:00:00,ON,28.03,427,13746.49,5.21,41.5,44.2,0.47,18,15.91,0,825.36
VEH_001,68b89b2d4f65cd554d7511bd,2025-11-19T01:00:00,ON,26.91,428,13773.4,3.59,42.1,43.9,0.18,43,15.57,0,826.97
VEH_001,68b89b2d4f65cd554d7511bd,2025-11-19T02:00:00,ON,23.55,429,13796.95,2.18,42.1,44.1,0.07,15,14.56,0,828.39
VEH_001,68b89b2d4f65cd554d7511bd,2025-11-19T03:00:00,ON,31.26,430,13828.2,0.3,41.6,41.7,-0.09,5,16.88,0,830.26
VEH_001,68b89b2d4f65cd554d7511bd,2025-11-19T04:00:00,ON,28.6,431,13856.81,0,41.4,42.6,0.19,4,16.08,0,831.98
VEH_001,68b89b2d4f65cd554d7511bd,2025-11-19T05:00:00,ON,0,431,13856.81,36.16,40.7,23.8,0.48,19,0,0.03,831.98
VEH_001,68b89b2d4f65cd554d7511bd,2025-11-19T06:00:00,ON,2.74,432,13859.55,36,41.3,34.6,-0.4,28,8.32,0,832.14
VEH_001,68b89b2d4f65cd554d7511bd,2025-11-19T07:00:00,ON,0,433,13859.55,35.97,41.3,29.8,-0.4,4,0,0.03,832.17
VEH_001,68b89b2d4f65cd554d7511bd,2025-11-19T08:00:00,ON,7.66,434,13867.22,35.51,41.2,34,0.02,6,9.8,0,832.63
VEH_001,68b89b2d4f65cd554d7511bd,2025-11-19T09:00:00,ON,3.89,435,13871.11,35.27,41.4,33.9,0.16,21,8.67,0,832.87
VEH_001,68b89b2d4f65cd554d7511bd,2025-11-19T10:00:00,ON,0,436,13871.11,35.24,41,29.3,-0.43,40,0,0.03,832.9
VEH_001,68b89b2d4f65cd554d7511bd,2025-11-19T11:00:00,ON,0,437,13871.11,35.21,40.5,20.2,0.47,14,0,0.03,832.93
VEH_001,68b89b2d4f65cd554d7511bd,2025-11-19T12:00:00,ON,1.02,438,13872.13,35.15,40.8,37.3,-0.25,1,7.81,0,832.99
VEH_001,68b89b2d4f65cd554d7511bd,2025-11-19T13:00:00,ON,6.88,439,13879,34.74,41.8,38.5,-0.3,21,9.56,0,833.4
VEH_001,68b89b2d4f65cd554d7511bd,2025-11-19T14:00:00,ON,8.88,440,13887.88,34.21,41.9,34.3,0.44,8,10.16,0,833.93
VEH_001,68b89b2d4f65cd554d7511bd,2025-11-19T15:00:00,ON,8.08,441,13895.96,33.72,42.6,36.6,0.17,47,9.93,0,834.42
VEH_001,68b89b2d4f65cd554d7511bd,2025-11-19T16:00:00,ON,10.72,442,13906.69,33.08,42.7,40.2,-0.42,24,10.72,0,835.06
VEH_001,68b89b2d4f65cd554d7511bd,2025-11-19T17:00:00,ON,9.67,443,13916.36,32.5,42.6,42.4,0.14,41,10.4,0,835.64
VEH_001,68b89b2d4f65cd554d7511bd,2025-11-19T18:00:00,ON,12.88,444,13929.24,31.73,43.1,36.6,-0.28,32,11.36,0,836.41
VEH_001,68b89b2d4f65cd554d7511bd,2025-11-19T19:00:00,ON,15.65,445,13944.88,30.79,42.4,40.9,0.32,12,12.19,0,837.35
VEH_001,68b89b2d4f65cd554d7511bd,2025-11-19T20:00:00,ON,20.24,446,13965.12,29.57,42.6,43.8,-0.07,5,13.57,0,838.57
VEH_001,68b89b2d4f65cd554d7511bd,2025-11-19T21:00:00,ON,25.03,447,13990.15,28.07,42.3,45.3,0.14,37,15.01,0,840.07
VEH_001,68b89b2d4f65cd554d7511bd,2025-11-19T22:00:00,ON,23.87,448,14014.02,26.64,42.2,41.1,-0.06,12,14.66,0,841.5
VEH_001,68b89b2d4f65cd554d7511bd,2025-11-19T23:00:00,ON,20.69,449,14034.71,25.4,42.5,43.4,-0.39,2,13.71,0,842.74
VEH_001,68b89b2d4f65cd554d7511bd,2025-11-20T00:00:00,ON,19.24,450,14053.96,24.24,42.5,40.3,-0.43,9,13.27,0,843.9
VEH_001,68b89b2d4f65cd554d7511bd,2025-11-20T01:00:00,ON,26.32,451,14080.28,22.66,42.4,42.7,0.31,0,15.4,0,845.48
VEH_001,68b89b2d4f65cd554d7511bd,2025-11-20T02:00:00,ON,23.28,452,14103.57,21.27,42.9,36.9,-0.15,23,14.48,0,846.87
VEH_001,68b89b2d4f65cd554d7511bd,2025-11-20T03:00:00,ON,27.91,453,14131.48,19.59,43.1,43.4,-0.15,41,15.87,0,848.55
VEH_001,68b89b2d4f65cd554d7511bd,2025-11-20T04:00:00,ON,24.25,454,14155.73,18.14,43.3,41.4,0.02,4,14.78,0,850
VEH_001,68b89b2d4f65cd554d7511bd,2025-11-20T05:00:00,ON,27.09,455,14182.82,16.51,43.7,42.5,0.11,28,15.63,0,851.63
VEH_001,68b89b2d4f65cd554d7511bd,2025-11-20T06:00:00,ON,26.43,456,14209.25,14.93,44.3,36.4,0.24,20,15.43,0,853.21
VEH_001,68b89b2d4f65cd554d7511bd,2025-11-20T07:00:00,ON,29.93,457,14239.18,13.13,44.1,42.6,-0.39,35,16.48,0,855.01
VEH_001,68b89b2d4f65cd554d7511bd,2025-11-20T08:00:00,ON,23.83,458,14263.01,11.7,43.6,40.4,-0.16,27,14.65,0,856.44
VEH_001,68b89b2d4f65cd554d7511bd,2025-11-20T09:00:00,ON,24.98,459,14287.99,10.2,43.3,43.8,-0.09,41,14.99,0,857.94
VEH_001,68b89b2d4f65cd554d7511bd,2025-11-20T10:00:00,ON,19.72,460,14307.71,9.02,43.6,42.5,-0.38,48,13.42,0,859.12
VEH_001,68b89b2d4f65cd554d7511bd,2025-11-20T11:00:00,ON,19.66,461,14327.37,7.84,44.5,38.6,0.26,2,13.4,0,860.3
VEH_001,68b89b2d4f65cd554d7511bd,2025-11-20T12:00:00,ON,14.93,462,14342.29,6.94,44.5,46.2,0.13,31,11.98,0,861.2
VEH_001,68b89b2d4f65cd554d7511bd,2025-11-20T13:00:00,ON,18.36,463,14360.65,5.84,44,40.2,0.37,40,13.01,0,862.3
VEH_001,68b89b2d4f65cd554d7511bd,2025-11-20T14:00:00,ON,18.12,464,14378.77,4.75,44.7,41.5,0.38,2,12.94,0,863.39
VEH_001,68b89b2d4f65cd554d7511bd,2025-11-20T15:00:00,ON,10.33,465,14389.11,4.13,44.6,36,-0.46,5,10.6,0,864.01
VEH_001,68b89b2d4f65cd554d7511bd,2025-11-20T16:00:00,ON,8.57,466,14397.67,3.62,44.3,36.2,-0.12,44,10.07,0,864.52
VEH_001,68b89b2d4f65cd554d7511bd,2025-11-20T17:00:00,ON,16.39,467,14414.06,2.64,44.4,38.2,0.23,39,12.42,0,865.5
VEH_001,68b89b2d4f65cd554d7511bd,2025-11-20T18:00:00,ON,9.49,468,14423.56,2.07,44.4,41.2,-0.49,42,10.35,0,866.07
VEH_001,68b89b2d4f65cd554d7511bd,2025-11-20T19:00:00,ON,14.79,469,14438.35,1.18,44.7,39.9,-0.07,36,11.94,0,866.96
VEH_001,68b89b2d4f65cd554d7511bd,2025-11-20T20:00:00,ON,15.13,470,14453.48,0.27,44.5,37.7,0.16,27,12.04,0,867.87
VEH_001,68b89b2d4f65cd554d7511bd,2025-11-20T21:00:00,ON,13.38,471,14466.86,37.75,45.1,36,0.27,41,11.51,0,868.67
VEH_001,68b89b2d4f65cd554d7511bd,2025-11-20T22:00:00,ON,14.64,472,14481.51,36.87,45.9,44.1,-0.23,7,11.89,0,869.55
VEH_001,68b89b2d4f65cd554d7511bd,2025-11-20T23:00:00,ON,16.06,473,14497.57,35.9,45.8,42.4,0.06,25,12.32,0,870.51
VEH_001,68b89b2d4f65cd554d7511bd,2025-11-21T00:00:00,ON,19.2,474,14516.77,34.75,46.2,43.8,-0.23,37,13.26,0,871.67
VEH_001,68b89b2d4f65cd554d7511bd,2025-11-21T01:00:00,ON,19.73,475,14536.5,33.57,46.4,41.6,0.33,20,13.42,0,872.85
VEH_001,68b89b2d4f65cd554d7511bd,2025-11-21T02:00:00,ON,22.85,476,14559.34,32.2,45.8,44.3,0.26,5,14.35,0,874.22
VEH_001,68b89b2d4f65cd554d7511bd,2025-11-21T03:00:00,ON,27.43,477,14586.78,30.55,45.3,42.5,0.39,14,15.73,0,875.87
VEH_001,68b89b2d4f65cd554d7511bd,2025-11-21T04:00:00,ON,28.35,478,14615.13,28.85,45.1,45.6,0.39,39,16,0,877.57
VEH_001,68b89b2d4f65cd554d7511bd,2025-11-21T05:00:00,ON,32.13,479,14647.26,26.92,45,45.6,0.31,37,17.14,0,879.5
VEH_001,68b89b2d4f65cd554d7511bd,2025-11-21T06:00:00,ON,25.65,480,14672.9,25.38,44.8,44.9,0.36,44,15.19,0,881.03
VEH_001,68b89b2d4f65cd554d7511bd,2025-11-21T07:00:00,ON,25.1,481,14698,23.88,45.1,43.3,0.39,20,15.03,0,882.54
VEH_001,68b89b2d4f65cd554d7511bd,2025-11-21T08:00:00,ON,29.64,482,14727.65,22.1,45,41.3,-0.49,13,16.39,0,884.32
VEH_001,68b89b2d4f65cd554d7511bd,2025-11-21T09:00:00,ON,36.31,483,14763.95,19.92,45.3,46.4,-0.49,2,18.39,0,886.5
VEH_001,68b89b2d4f65cd554d7511bd,2025-11-21T10:00:00,ON,38.3,484,14802.25,17.62,44.9,47.3,0.26,42,18.99,0,888.8
VEH_001,68b89b2d4f65cd554d7511bd,2025-11-21T11:00:00,ON,41.12,485,14843.37,15.16,44.9,50.5,-0.12,33,19.84,0,891.26
VEH_001,68b89b2d4f65cd554d7511bd,2025-11-21T12:00:00,ON,38.59,486,14881.96,12.84,45,48.6,0.09,10,19.08,0,893.58
VEH_001,68b89b2d4f65cd554d7511bd,2025-11-21T13:00:00,ON,45.78,487,14927.74,10.09,45.3,48,0.14,24,21.23,0,896.32
VEH_001,68b89b2d4f65cd554d7511bd,2025-11-21T14:00:00,ON,48.15,488,14975.89,7.21,45.4,47,0.21,21,21.95,0,899.21
VEH_001,68b89b2d4f65cd554d7511bd,2025-11-21T15:00:00,ON,49.43,489,15025.32,4.24,45.5,50,-0.05,19,22.33,0,902.18
VEH_001,68b89b2d4f65cd554d7511bd,2025-11-21T16:00:00,ON,56.8,490,15082.13,0.83,45,53.4,-0.22,35,24.54,0,905.59
VEH_001,68b89b2d4f65cd554d7511bd,2025-11-21T17:00:00,ON,50.06,491,15132.19,0,44.6,51.2,-0.25,45,22.52,0,908.59
VEH_001,68b89b2d4f65cd554d7511bd,2025-11-21T18:00:00,OFF,0,491,15132.19,0,44.9,1,0.24,23,0,0,908.59
VEH_001,68b89b2d4f65cd554d7511bd,2025-11-21T19:00:00,OFF,0,491,15132.19,0,45.2,3.1,0.44,29,0,0,908.59
VEH_001,68b89b2d4f65cd554d7511bd,2025-11-21T20:00:00,ON,0,491,15132.19,40.43,45.8,24.4,-0.1,16,0,0.03,908.59
VEH_001,68b89b2d4f65cd554d7511bd,2025-11-21T21:00:00,ON,5.64,492,15137.83,40.09,45.8,34.9,-0.43,43,9.19,0,908.93
VEH_001,68b89b2d4f65cd554d7511bd,2025-11-21T22:00:00,ON,0.33,493,15138.16,40.07,45.7,33.2,0.03,36,7.6,0,908.95
VEH_001,68b89b2d4f65cd554d7511bd,2025-11-21T23:00:00,ON,4.48,494,15142.64,39.8,46.1,34.8,-0.17,7,8.84,0,909.22
VEH_001,68b89b2d4f65cd554d7511bd,2025-11-22T00:00:00,ON,0,495,15142.64,81.3,45.5,23,0.48,25,0,0.03,909.25
VEH_001,68b89b2d4f65cd554d7511bd,2025-11-22T01:00:00,ON,4.94,496,15147.58,81,45,35.5,0.36,22,8.98,0,909.55
VEH_001,68b89b2d4f65cd554d7511bd,2025-11-22T02:00:00,ON,0,497,15147.58,80.97,44.6,28.3,0.21,45,0,0.03,909.58
VEH_001,68b89b2d4f65cd554d7511bd,2025-11-22T03:00:00,ON,4.86,498,15152.44,80.68,44.7,33.9,0.01,45,8.96,0,909.87
VEH_001,68b89b2d4f65cd554d7511bd,2025-11-22T04:00:00,ON,1.85,499,15154.29,80.57,44.6,38.2,0.48,41,8.05,0,909.98
VEH_001,68b89b2d4f65cd554d7511bd,2025-11-22T05:00:00,ON,7.01,500,15161.3,80.15,44.6,35.6,-0.04,12,9.6,0,910.4
VEH_001,68b89b2d4f65cd554d7511bd,2025-11-22T06:00:00,ON,4.56,501,15165.86,79.88,44.7,36.5,0.16,41,8.87,0,910.67
VEH_001,68b89b2d4f65cd554d7511bd,2025-11-22T07:00:00,ON,1.58,502,15167.44,79.78,45.2,35.8,0.49,8,7.97,0,910.77
VEH_001,68b89b2d4f65cd554d7511bd,2025-11-22T08:00:00,ON,8.63,503,15176.07,79.26,45.2,36.8,-0.03,8,10.09,0,911.28
VEH_001,68b89b2d4f65cd554d7511bd,2025-11-22T09:00:00,ON,8.51,504,15184.57,78.75,45.7,37.5,-0.14,34,10.05,0,911.79
VEH_001,68b89b2d4f65cd554d7511bd,2025-11-22T10:00:00,ON,13.3,505,15197.88,77.96,45.8,37.4,-0.08,31,11.49,0,912.59
VEH_001,68b89b2d4f65cd554d7511bd,2025-11-22T11:00:00,ON,7.32,506,15205.2,77.52,45.9,34.1,0.08,25,9.7,0,913.03
VEH_001,68b89b2d4f65cd554d7511bd,2025-11-22T12:00:00,ON,13.23,507,15218.43,76.72,46.1,38.9,0.43,12,11.47,0,913.83
VEH_001,68b89b2d4f65cd554d7511bd,2025-11-22T13:00:00,ON,15.82,508,15234.25,75.77,46.2,37.2,-0.31,29,12.25,0,914.78
VEH_001,68b89b2d4f65cd554d7511bd,2025-11-22T14:00:00,ON,21.49,509,15255.74,74.48,45.1,41.1,0.4,31,13.95,0,916.06
VEH_001,68b89b2d4f65cd554d7511bd,2025-11-22T15:00:00,ON,28.32,510,15284.07,72.78,45.2,45,-0.36,13,16,0,917.76
VEH_001,68b89b2d4f65cd554d7511bd,2025-11-22T16:00:00,ON,24.37,511,15308.43,71.32,45.7,40.4,0.07,4,14.81,0,919.23
VEH_001,68b89b2d4f65cd554d7511bd,2025-11-22T17:00:00,ON,19.17,512,15327.6,70.17,45.2,42.7,-0.28,19,13.25,0,920.38
VEH_001,68b89b2d4f65cd554d7511bd,2025-11-22T18:00:00,ON,15.16,513,15342.77,69.26,45.3,40.7,0.13,12,12.05,0,921.29
VEH_001,68b89b2d4f65cd554d7511bd,2025-11-22T19:00:00,ON,10.88,514,15353.65,68.61,45.5,34.2,-0.3,23,10.76,0,921.94
VEH_001,68b89b2d4f65cd554d7511bd,2025-11-22T20:00:00,ON,10.66,515,15364.3,67.97,45.1,36.7,-0.26,12,10.7,0,922.58
VEH_001,68b89b2d4f65cd554d7511bd,2025-11-22T21:00:00,ON,10.14,516,15374.44,67.36,45.8,37.7,-0.35,1,10.54,0,923.19
VEH_001,68b89b2d4f65cd554d7511bd,2025-11-22T22:00:00,ON,14.31,517,15388.76,66.5,46.5,39.8,0.44,49,11.79,0,924.05
VEH_001,68b89b2d4f65cd554d7511bd,2025-11-22T23:00:00,ON,12.68,518,15401.43,65.74,46.4,39.9,-0.47,20,11.3,0,924.81
VEH_001,68b89b2d4f65cd554d7511bd,2025-11-23T00:00:00,ON,5.4,519,15406.84,65.42,45.9,38.3,0.17,9,9.12,0,925.13
VEH_001,68b89b2d4f65cd554d7511bd,2025-11-23T01:00:00,ON,9.78,520,15416.62,64.83,46,35.8,-0.22,8,10.43,0,925.72
VEH_001,68b89b2d4f65cd554d7511bd,2025-11-23T02:00:00,ON,15.21,521,15431.83,63.92,45.4,39,-0.45,32,12.06,0,926.63
VEH_001,68b89b2d4f65cd554d7511bd,2025-11-23T03:00:00,ON,19.58,522,15451.41,62.74,45.5,42.3,0.11,41,13.37,0,927.8
VEH_001,68b89b2d4f65cd554d7511bd,2025-11-23T04:00:00,ON,17.86,523,15469.26,61.67,45.3,41.5,0.27,31,12.86,0,928.88
VEH_001,68b89b2d4f65cd554d7511bd,2025-11-23T05:00:00,ON,18.76,524,15488.02,60.55,45.3,41.4,0.43,21,13.13,0,930
VEH_001,68b89b2d4f65cd554d7511bd,2025-11-23T06:00:00,ON,11.82,525,15499.84,59.84,45.4,41.9,0.28,34,11.05,0,930.71
VEH_001,68b89b2d4f65cd554d7511bd,2025-11-23T07:00:00,ON,10.51,526,15510.36,59.21,44.9,35.8,-0.46,38,10.65,0,931.34
VEH_001,68b89b2d4f65cd554d7511bd,2025-11-23T08:00:00,ON,6.76,527,15517.12,58.8,44.4,40,0.35,36,9.53,0,931.75
VEH_001,68b89b2d4f65cd554d7511bd,2025-11-23T09:00:00,ON,12.92,528,15530.04,58.03,44,36.6,0.46,31,11.38,0,932.52
VEH_001,68b89b2d4f65cd554d7511bd,2025-11-23T10:00:00,ON,13.61,529,15543.65,57.21,44.6,38.5,-0.22,45,11.58,0,933.34
VEH_001,68b89b2d4f65cd554d7511bd,2025-11-23T11:00:00,ON,6.87,530,15550.52,56.8,44.3,34,0.33,11,9.56,0,933.75
VEH_001,68b89b2d4f65cd554d7511bd,2025-11-23T12:00:00,ON,1.84,531,15552.36,56.69,43.8,36.3,0.47,24,8.05,0,933.86
VEH_001,68b89b2d4f65cd554d7511bd,2025-11-23T13:00:00,ON,8.46,532,15560.82,56.18,43.9,39.5,-0.23,18,10.04,0,934.37
VEH_001,68b89b2d4f65cd554d7511bd,2025-11-23T14:00:00,ON,14.93,533,15575.74,55.28,43.5,44,-0.1,30,11.98,0,935.26
VEH_001,68b89b2d4f65cd554d7511bd,2025-11-23T15:00:00,ON,12.63,534,15588.38,54.53,43.1,36.3,-0.39,24,11.29,0,936.02
VEH_001,68b89b2d4f65cd554d7511bd,2025-11-23T16:00:00,ON,16.31,535,15604.69,53.55,43.5,40.8,0.32,20,12.39,0,937
VEH_001,68b89b2d4f65cd554d7511bd,2025-11-23T17:00:00,ON,20.07,536,15624.75,52.34,43.5,36.6,-0.2,14,13.52,0,938.21
VEH_001,68b89b2d4f65cd554d7511bd,2025-11-23T18:00:00,ON,19.01,537,15643.76,51.2,43.6,38.4,0.4,47,13.2,0,939.35
VEH_001,68b89b2d4f65cd554d7511bd,2025-11-23T19:00:00,ON,14.5,538,15658.26,50.33,43.2,40,0.37,39,11.85,0,940.22
VEH_001,68b89b2d4f65cd554d7511bd,2025-11-23T20:00:00,ON,17.01,539,15675.27,49.31,42.5,37.9,-0.49,10,12.6,0,941.24
VEH_001,68b89b2d4f65cd554d7511bd,2025-11-23T21:00:00,ON,21.82,540,15697.09,48,42.1,47.8,-0.38,44,14.05,0,942.55
VEH_001,68b89b2d4f65cd554d7511bd,2025-11-23T22:00:00,ON,23.19,541,15720.27,46.61,42.2,42.9,0.2,29,14.46,0,943.94
VEH_001,68b89b2d4f65cd554d7511bd,2025-11-23T23:00:00,ON,29,542,15749.28,44.87,42.3,45,0.25,27,16.2,0,945.68
VEH_001,68b89b2d4f65cd554d7511bd,2025-11-24T00:00:00,ON,36.74,543,15786.01,42.67,42.2,47.6,-0.15,30,18.52,0,947.88
VEH_001,68b89b2d4f65cd554d7511bd,2025-11-24T01:00:00,ON,29.58,544,15815.59,40.89,41.6,43.7,0.11,0,16.37,0,949.66
VEH_001,68b89b2d4f65cd554d7511bd,2025-11-24T02:00:00,ON,23.79,545,15839.38,39.47,41.5,42.8,0.4,15,14.64,0,951.08
VEH_001,68b89b2d4f65cd554d7511bd,2025-11-24T03:00:00,ON,21.59,546,15860.97,38.17,40.9,34.7,0.34,45,13.98,0,952.38
VEH_001,68b89b2d4f65cd554d7511bd,2025-11-24T04:00:00,ON,16.51,547,15877.48,37.18,41.2,41.9,-0.22,34,12.45,0,953.37
VEH_001,68b89b2d4f65cd554d7511bd,2025-11-24T05:00:00,ON,8.78,548,15886.26,36.65,42,34.2,0.44,25,10.13,0,953.9
VEH_001,68b89b2d4f65cd554d7511bd,2025-11-24T06:00:00,ON,7.3,549,15893.57,36.21,42,38.4,0.21,12,9.69,0,954.33
VEH_001,68b89b2d4f65cd554d7511bd,2025-11-24T07:00:00,ON,2.89,550,15896.45,36.04,42.4,39.3,-0.27,34,8.37,0,954.51
VEH_001,68b89b2d4f65cd554d7511bd,2025-11-24T08:00:00,ON,1.34,551,15897.79,35.96,41.8,38.9,-0.24,0,7.9,0,954.59
VEH_001,68b89b2d4f65cd554d7511bd,2025-11-24T09:00:00,ON,0.44,552,15898.24,35.93,41.1,35.9,-0.28,3,7.63,0,954.61
VEH_001,68b89b2d4f65cd554d7511bd,2025-11-24T10:00:00,ON,1.35,553,15899.58,79,40.9,34.1,0.02,1,7.9,0,954.7
VEH_001,68b89b2d4f65cd554d7511bd,2025-11-24T11:00:00,ON,2.26,554,15901.84,78.86,40.9,31.8,0.23,8,8.18,0,954.83
VEH_001,68b89b2d4f65cd554d7511bd,2025-11-24T12:00:00,ON,0,555,15901.84,78.83,40,23.2,-0.21,29,0,0.03,954.86
VEH_001,68b89b2d4f65cd554d7511bd,2025-11-24T13:00:00,ON,4.04,556,15905.88,78.59,39.7,41.2,-0.07,33,8.71,0,955.1
VEH_001,68b89b2d4f65cd554d7511bd,2025-11-24T14:00:00,ON,9.23,557,15915.11,78.04,39.9,38.5,0.04,45,10.27,0,955.66
VEH_001,68b89b2d4f65cd554d7511bd,2025-11-24T15:00:00,ON,2.95,558,15918.06,77.86,39.8,35.9,-0.07,14,8.39,0,955.83
VEH_001,68b89b2d4f65cd554d7511bd,2025-11-24T16:00:00,ON,2.7,559,15920.76,77.7,40.4,31,0.07,47,8.31,0,956
VEH_001,68b89b2d4f65cd554d7511bd,2025-11-24T17:00:00,ON,8.85,560,15929.6,77.17,40.5,40.9,0.21,31,10.15,0,956.53
VEH_001,68b89b2d4f65cd554d7511bd,2025-11-24T18:00:00,ON,16.3,561,15945.9,76.19,40.6,43.9,-0.15,21,12.39,0,957.5
VEH_001,68b89b2d4f65cd554d7511bd,2025-11-24T19:00:00,ON,21.42,562,15967.33,74.9,40.3,39,-0.12,10,13.93,0,958.79
VEH_001,68b89b2d4f65cd554d7511bd,2025-11-24T20:00:00,ON,20.69,563,15988.02,73.66,40.2,41,-0.07,40,13.71,0,960.03
VEH_001,68b89b2d4f65cd554d7511bd,2025-11-24T21:00:00,ON,15.86,564,16003.89,72.71,39.7,39.7,0.42,24,12.26,0,960.98
VEH_001,68b89b2d4f65cd554d7511bd,2025-11-24T22:00:00,ON,10.43,565,16014.31,72.09,38.6,37.5,0.26,13,10.63,0,961.61
VEH_001,68b89b2d4f65cd554d7511bd,2025-11-24T23:00:00,ON,14.02,566,16028.33,71.24,38.1,36.7,0.3,24,11.7,0,962.45
VEH_001,68b89b2d4f65cd554d7511bd,2025-11-25T00:00:00,ON,16.6,567,16044.93,70.25,38.6,37.4,-0.27,10,12.48,0,963.45
VEH_001,68b89b2d4f65cd554d7511bd,2025-11-25T01:00:00,ON,21.89,568,16066.82,68.93,38.7,41.5,-0.24,1,14.07,0,964.76
VEH_001,68b89b2d4f65cd554d7511bd,2025-11-25T02:00:00,ON,28.71,569,16095.53,67.21,38.9,42.5,-0.46,48,16.11,0,966.48
VEH_001,68b89b2d4f65cd554d7511bd,2025-11-25T03:00:00,ON,20.86,570,16116.39,65.96,38.8,42.6,-0.19,46,13.76,0,967.73
VEH_001,68b89b2d4f65cd554d7511bd,2025-11-25T04:00:00,ON,13.51,571,16129.9,65.15,39.1,34.9,-0.22,26,11.55,0,968.54
VEH_001,68b89b2d4f65cd554d7511bd,2025-11-25T05:00:00,ON,14.57,572,16144.47,64.28,39.7,38.2,-0.09,42,11.87,0,969.42
VEH_001,68b89b2d4f65cd554d7511bd,2025-11-25T06:00:00,ON,19.46,573,16163.92,63.11,39.8,39.3,0.32,4,13.34,0,970.59
VEH_001,68b89b2d4f65cd554d7511bd,2025-11-25T07:00:00,ON,12.89,574,16176.82,62.33,39.5,35.4,-0.22,13,11.37,0,971.36
VEH_001,68b89b2d4f65cd554d7511bd,2025-11-25T08:00:00,ON,16.93,575,16193.75,61.32,39.9,40.3,-0.06,2,12.58,0,972.38
VEH_001,68b89b2d4f65cd554d7511bd,2025-11-25T09:00:00,ON,16.68,576,16210.43,60.32,39.6,41.5,-0.28,20,12.51,0,973.38
VEH_001,68b89b2d4f65cd554d7511bd,2025-11-25T10:00:00,ON,21.57,577,16232.01,59.02,40.4,41.3,-0.23,35,13.97,0,974.67
VEH_001,68b89b2d4f65cd554d7511bd,2025-11-25T11:00:00,ON,20.09,578,16252.1,57.82,40.3,42.2,0.08,18,13.53,0,975.88
VEH_001,68b89b2d4f65cd554d7511bd,2025-11-25T12:00:00,ON,23.25,579,16275.35,56.42,40.1,39,0.39,46,14.47,0,977.27
VEH_001,68b89b2d4f65cd554d7511bd,2025-11-25T13:00:00,ON,20.01,580,16295.36,55.22,40.5,37.6,0.17,19,13.5,0,978.47
VEH_001,68b89b2d4f65cd554d7511bd,2025-11-25T14:00:00,ON,22.78,581,16318.13,53.86,40.3,39.4,0.24,36,14.33,0,979.84
VEH_001,68b89b2d4f65cd554d7511bd,2025-11-25T15:00:00,ON,16.09,582,16334.22,52.89,40.1,40.6,-0.38,41,12.33,0,980.8
VEH_001,68b89b2d4f65cd554d7511bd,2025-11-25T16:00:00,ON,20.79,583,16355.01,51.64,38.9,44.1,-0.21,31,13.74,0,982.05
VEH_001,68b89b2d4f65cd554d7511bd,2025-11-25T17:00:00,ON,22.7,584,16377.71,50.28,39,37.5,0.06,15,14.31,0,983.41
VEH_001,68b89b2d4f65cd554d7511bd,2025-11-25T18:00:00,ON,25.02,585,16402.72,48.78,38.7,38.6,-0.37,20,15.01,0,984.91
VEH_001,68b89b2d4f65cd554d7511bd,2025-11-25T19:00:00,ON,29.49,586,16432.21,47.01,38.5,41.8,0.27,1,16.35,0,986.68
VEH_001,68b89b2d4f65cd554d7511bd,2025-11-25T20:00:00,ON,31.13,587,16463.34,45.14,38.2,44.4,-0.41,10,16.84,0,988.55
VEH_001,68b89b2d4f65cd554d7511bd,2025-11-25T21:00:00,ON,36.68,588,16500.02,42.94,38.1,48.7,0.1,15,18.5,0,990.75
VEH_001,68b89b2d4f65cd554d7511bd,2025-11-25T22:00:00,ON,28.77,589,16528.78,56.89,38.8,45.7,-0.18,40,16.13,0,992.48
VEH_001,68b89b2d4f65cd554d7511bd,2025-11-25T23:00:00,ON,31.2,590,16559.99,55.02,38.8,41.8,-0.38,49,16.86,0,994.35
VEH_001,68b89b2d4f65cd554d7511bd,2025-11-26T00:00:00,ON,23.92,591,16583.91,53.58,39,41.8,0.43,39,14.68,0,995.78
VEH_001,68b89b2d4f65cd554d7511bd,2025-11-26T01:00:00,ON,17.94,592,16601.85,52.5,38.2,43.6,0.34,38,12.88,0,996.86
VEH_001,68b89b2d4f65cd554d7511bd,2025-11-26T02:00:00,ON,20.05,593,16621.9,51.3,38.4,38.1,-0.2,30,13.51,0,998.06
VEH_001,68b89b2d4f65cd554d7511bd,2025-11-26T03:00:00,ON,24.93,594,16646.83,49.81,38.4,43.8,-0.33,38,14.98,0,999.56
VEH_001,68b89b2d4f65cd554d7511bd,2025-11-26T04:00:00,ON,24.94,595,16671.77,48.31,38.9,43.3,-0.16,11,14.98,0,1001.06
VEH_001,68b89b2d4f65cd554d7511bd,2025-11-26T05:00:00,ON,19.35,596,16691.12,47.15,38.6,37.1,0.34,19,13.3,0,1002.22
VEH_001,68b89b2d4f65cd554d7511bd,2025-11-26T06:00:00,ON,26.48,597,16717.6,45.56,39,44.9,0.13,13,15.45,0,1003.81
VEH_001,68b89b2d4f65cd554d7511bd,2025-11-26T07:00:00,ON,25.56,598,16743.16,44.03,38.5,44.6,0.34,6,15.17,0,1005.34
VEH_001,68b89b2d4f65cd554d7511bd,2025-11-26T08:00:00,ON,19.58,599,16762.74,42.85,38.6,40.9,0,4,13.37,0,1006.51
VEH_001,68b89b2d4f65cd554d7511bd,2025-11-26T09:00:00,ON,13.24,600,16775.98,42.06,39,41.3,-0.38,32,11.47,0,1007.31
VEH_001,68b89b2d4f65cd554d7511bd,2025-11-26T10:00:00,ON,5.46,601,16781.44,41.73,39.2,33.8,-0.41,31,9.14,0,1007.64
VEH_001,68b89b2d4f65cd554d7511bd,2025-11-26T11:00:00,ON,11.07,602,16792.51,41.06,39.3,40,-0.41,24,10.82,0,1008.3
VEH_001,68b89b2d4f65cd554d7511bd,2025-11-26T12:00:00,ON,9.22,603,16801.73,40.51,40.4,36.8,-0.36,31,10.27,0,1008.85
VEH_001,68b89b2d4f65cd554d7511bd,2025-11-26T13:00:00,ON,4.05,604,16805.78,40.27,39.5,39.8,0.37,34,8.71,0,1009.1
VEH_001,68b89b2d4f65cd554d7511bd,2025-11-26T14:00:00,ON,10.31,605,16816.09,39.65,38.5,33.3,-0.01,19,10.59,0,1009.72
VEH_001,68b89b2d4f65cd554d7511bd,2025-11-26T15:00:00,ON,13.22,606,16829.31,38.86,38.4,36.8,0.08,11,11.47,0,1010.51
VEH_001,68b89b2d4f65cd554d7511bd,2025-11-26T16:00:00,ON,14.39,607,16843.7,37.99,38.5,39.8,0.17,21,11.82,0,1011.37
VEH_001,68b89b2d4f65cd554d7511bd,2025-11-26T17:00:00,ON,11.31,608,16855,37.32,38.4,36.7,0.05,25,10.89,0,1012.05
VEH_001,68b89b2d4f65cd554d7511bd,2025-11-26T18:00:00,ON,5.04,609,16860.04,37.01,38.1,34.4,-0.44,38,9.01,0,1012.35
VEH_001,68b89b2d4f65cd554d7511bd,2025-11-26T19:00:00,ON,12.64,610,16872.68,36.25,38.2,38.8,0.43,33,11.29,0,1013.11
VEH_001,68b89b2d4f65cd554d7511bd,2025-11-26T20:00:00,ON,12.61,611,16885.3,35.5,38.1,41.2,0.4,39,11.28,0,1013.87
VEH_001,68b89b2d4f65cd554d7511bd,2025-11-26T21:00:00,ON,13.33,612,16898.63,34.7,37.5,37.4,0.44,36,11.5,0,1014.67
VEH_001,68b89b2d4f65cd554d7511bd,2025-11-26T22:00:00,ON,5.67,613,16904.29,34.36,38,38.7,-0.17,3,9.2,0,1015.01
VEH_001,68b89b2d4f65cd554d7511bd,2025-11-26T23:00:00,ON,4,614,16908.29,34.12,38.4,37.9,-0.25,22,8.7,0,1015.25
VEH_001,68b89b2d4f65cd554d7511bd,2025-11-27T00:00:00,ON,1.09,615,16909.38,34.05,38.3,35,-0.42,13,7.83,0,1015.31
VEH_001,68b89b2d4f65cd554d7511bd,2025-11-27T01:00:00,ON,0,616,16909.38,34.02,38.8,24.5,-0.15,28,0,0.03,1015.34
VEH_001,68b89b2d4f65cd554d7511bd,2025-11-27T02:00:00,ON,5.96,617,16915.34,33.66,38.5,42.4,-0.1,22,9.29,0,1015.7
VEH_001,68b89b2d4f65cd554d7511bd,2025-11-27T03:00:00,ON,4.6,618,16919.95,33.39,38.3,35.2,-0.24,47,8.88,0,1015.98
VEH_001,68b89b2d4f65cd554d7511bd,2025-11-27T04:00:00,ON,5.91,619,16925.86,33.03,38.2,34.4,-0.34,16,9.27,0,1016.33
VEH_001,68b89b2d4f65cd554d7511bd,2025-11-27T05:00:00,ON,7.83,620,16933.68,32.56,38.1,36.4,-0.4,7,9.85,0,1016.8
VEH_001,68b89b2d4f65cd554d7511bd,2025-11-27T06:00:00,ON,5.36,621,16939.04,32.24,38.2,34.7,0.41,17,9.11,0,1017.12
VEH_001,68b89b2d4f65cd554d7511bd,2025-11-27T07:00:00,ON,0.11,622,16939.15,32.24,38.1,37.4,0.11,38,7.53,0,1017.13
VEH_001,68b89b2d4f65cd554d7511bd,2025-11-27T08:00:00,ON,7.14,623,16946.29,31.81,39,36.2,0.33,17,9.64,0,1017.56
VEH_001,68b89b2d4f65cd554d7511bd,2025-11-27T09:00:00,ON,4.05,624,16950.35,31.56,38.6,32.2,0.1,23,8.72,0,1017.8
VEH_001,68b89b2d4f65cd554d7511bd,2025-11-27T10:00:00,ON,2.54,625,16952.89,31.41,38.7,37,-0.02,36,8.26,0,1017.95
VEH_001,68b89b2d4f65cd554d7511bd,2025-11-27T11:00:00,ON,7.12,626,16960.01,30.98,38.8,33.5,-0.15,1,9.63,0,1018.38
VEH_001,68b89b2d4f65cd554d7511bd,2025-11-27T12:00:00,ON,9.42,627,16969.43,30.42,39.1,38.5,-0.12,36,10.33,0,1018.95
VEH_001,68b89b2d4f65cd554d7511bd,2025-11-27T13:00:00,ON,15.91,628,16985.34,29.47,38.6,39.3,-0.24,33,12.27,0,1019.9
VEH_001,68b89b2d4f65cd554d7511bd,2025-11-27T14:00:00,ON,20.7,629,17006.04,28.22,39.1,42.9,0.1,15,13.71,0,1021.14
VEH_001,68b89b2d4f65cd554d7511bd,2025-11-27T15:00:00,ON,26.57,630,17032.61,26.63,39.1,42.5,-0.48,21,15.47,0,1022.74
VEH_001,68b89b2d4f65cd554d7511bd,2025-11-27T16:00:00,ON,19.52,631,17052.13,25.46,38.5,41.4,0.17,14,13.36,0,1023.91
VEH_001,68b89b2d4f65cd554d7511bd,2025-11-27T17:00:00,ON,21.52,632,17073.65,52.03,38.1,43.8,0.1,11,13.96,0,1025.2
VEH_001,68b89b2d4f65cd554d7511bd,2025-11-27T18:00:00,ON,19.89,633,17093.54,50.83,37.2,40.4,0.34,19,13.47,0,1026.39
VEH_001,68b89b2d4f65cd554d7511bd,2025-11-27T19:00:00,ON,19.48,634,17113.02,60.05,37.6,48,0.49,8,13.34,0,1027.56
VEH_001,68b89b2d4f65cd554d7511bd,2025-11-27T20:00:00,ON,20.41,635,17133.42,58.83,38.4,42.9,-0.45,42,13.62,0,1028.79
VEH_001,68b89b2d4f65cd554d7511bd,2025-11-27T21:00:00,ON,21.83,636,17155.26,57.52,38.7,41.6,0.48,25,14.05,0,1030.1
VEH_001,68b89b2d4f65cd554d7511bd,2025-11-27T22:00:00,ON,25.94,637,17181.2,55.96,39.2,45.4,-0.45,12,15.28,0,1031.65
VEH_001,68b89b2d4f65cd554d7511bd,2025-11-27T23:00:00,ON,19.4,638,17200.6,54.8,38.8,42.3,-0.44,26,13.32,0,1032.82
VEH_001,68b89b2d4f65cd554d7511bd,2025-11-28T00:00:00,ON,23.66,639,17224.25,53.38,39.1,47,-0.48,33,14.6,0,1034.24
VEH_001,68b89b2d4f65cd554d7511bd,2025-11-28T01:00:00,ON,16.32,640,17240.57,52.4,39.4,40.2,-0.39,44,12.4,0,1035.21
VEH_001,68b89b2d4f65cd554d7511bd,2025-11-28T02:00:00,ON,12.11,641,17252.68,51.67,39.6,37.4,0.18,44,11.13,0,1035.94
VEH_001,68b89b2d4f65cd554d7511bd,2025-11-28T03:00:00,ON,11.71,642,17264.39,50.97,39.5,37.8,-0.15,10,11.01,0,1036.64
VEH_001,68b89b2d4f65cd554d7511bd,2025-11-28T04:00:00,ON,17.21,643,17281.6,49.94,39.5,40.5,0.23,23,12.66,0,1037.68
VEH_001,68b89b2d4f65cd554d7511bd,2025-11-28T05:00:00,ON,15.6,644,17297.2,49,39.3,42.6,0.23,27,12.18,0,1038.61
VEH_001,68b89b2d4f65cd554d7511bd,2025-11-28T06:00:00,ON,19.3,645,17316.51,47.84,39,41.1,-0.32,36,13.29,0,1039.77
VEH_001,68b89b2d4f65cd554d7511bd,2025-11-28T07:00:00,ON,22.38,646,17338.88,46.5,39.5,36.5,-0.1,22,14.21,0,1041.11
VEH_001,68b89b2d4f65cd554d7511bd,2025-11-28T08:00:00,ON,23.47,647,17362.36,45.09,40,43.9,0.49,7,14.54,0,1042.52
VEH_001,68b89b2d4f65cd554d7511bd,2025-11-28T09:00:00,ON,18.01,648,17380.37,44.01,40.6,37.7,-0.02,22,12.9,0,1043.6
VEH_001,68b89b2d4f65cd554d7511bd,2025-11-28T10:00:00,ON,19.44,649,17399.81,42.84,40.1,39.2,0.16,38,13.33,0,1044.77
VEH_001,68b89b2d4f65cd554d7511bd,2025-11-28T11:00:00,ON,20.29,650,17420.1,41.63,40.3,39.3,-0.47,41,13.59,0,1045.99
VEH_001,68b89b2d4f65cd554d7511bd,2025-11-28T12:00:00,ON,19.86,651,17439.97,40.43,39.9,44.3,0.24,30,13.46,0,1047.18
VEH_001,68b89b2d4f65cd554d7511bd,2025-11-28T13:00:00,ON,14.99,652,17454.96,39.53,39.2,38.2,0.41,27,12,0,1048.08
VEH_001,68b89b2d4f65cd554d7511bd,2025-11-28T14:00:00,ON,16.58,653,17471.54,38.54,39.2,39.6,-0.21,37,12.47,0,1049.07
VEH_001,68b89b2d4f65cd554d7511bd,2025-11-28T15:00:00,ON,10.04,654,17481.59,37.94,39.3,35.6,-0.44,18,10.51,0,1049.68
VEH_001,68b89b2d4f65cd554d7511bd,2025-11-28T16:00:00,ON,12.06,655,17493.64,37.21,39.6,38.9,-0.3,44,11.12,0,1050.4
VEH_001,68b89b2d4f65cd554d7511bd,2025-11-28T17:00:00,ON,11.97,656,17505.61,36.5,40,35,0.31,24,11.09,0,1051.12
VEH_001,68b89b2d4f65cd554d7511bd,2025-11-28T18:00:00,ON,15.97,657,17521.58,35.54,39.8,38,-0.3,17,12.29,0,1052.07
VEH_001,68b89b2d4f65cd554d7511bd,2025-11-28T19:00:00,ON,12.87,658,17534.44,34.77,40.6,36,-0.42,38,11.36,0,1052.85
VEH_001,68b89b2d4f65cd554d7511bd,2025-11-28T20:00:00,ON,16.44,659,17550.88,33.78,40.5,40.2,-0.14,30,12.43,0,1053.83
VEH_001,68b89b2d4f65cd554d7511bd,2025-11-28T21:00:00,ON,8.66,660,17559.54,33.26,40.4,40.2,0.06,17,10.1,0,1054.35
VEH_001,68b89b2d4f65cd554d7511bd,2025-11-28T22:00:00,ON,14.83,661,17574.37,32.37,40.1,41.3,-0.37,2,11.95,0,1055.24
VEH_001,68b89b2d4f65cd554d7511bd,2025-11-28T23:00:00,ON,7.62,662,17581.99,31.91,39.8,35.6,-0.36,12,9.79,0,1055.7
VEH_001,68b89b2d4f65cd554d7511bd,2025-11-29T00:00:00,ON,2.97,663,17584.97,31.73,40.6,36.3,0.43,38,8.39,0,1055.88
VEH_001,68b89b2d4f65cd554d7511bd,2025-11-29T01:00:00,ON,10.6,664,17595.56,31.1,41,36.6,0.27,24,10.68,0,1056.51
VEH_001,68b89b2d4f65cd554d7511bd,2025-11-29T02:00:00,ON,5.03,665,17600.59,30.8,41.8,34,0.23,2,9.01,0,1056.82
VEH_001,68b89b2d4f65cd554d7511bd,2025-11-29T03:00:00,ON,2.02,666,17602.61,30.67,41.4,37.5,-0.09,18,8.11,0,1056.94
VEH_001,68b89b2d4f65cd554d7511bd,2025-11-29T04:00:00,ON,2.4,667,17605.01,30.53,41.6,37.1,-0.18,34,8.22,0,1057.08
VEH_001,68b89b2d4f65cd554d7511bd,2025-11-29T05:00:00,ON,7.93,668,17612.95,30.05,41,34.6,-0.39,7,9.88,0,1057.56
VEH_001,68b89b2d4f65cd554d7511bd,2025-11-29T06:00:00,ON,1.25,669,17614.2,29.98,41.3,35.6,-0.23,5,7.88,0,1057.63
VEH_001,68b89b2d4f65cd554d7511bd,2025-11-29T07:00:00,ON,4.3,670,17618.5,29.72,41.3,31.1,-0.38,33,8.79,0,1057.89
VEH_001,68b89b2d4f65cd554d7511bd,2025-11-29T08:00:00,ON,0,671,17618.5,46.37,41.4,22.4,-0.21,21,0,0.03,1057.92
VEH_001,68b89b2d4f65cd554d7511bd,2025-11-29T09:00:00,ON,5.74,672,17624.23,46.03,41.2,39.4,-0.33,39,9.22,0,1058.26
VEH_001,68b89b2d4f65cd554d7511bd,2025-11-29T10:00:00,ON,11.49,673,17635.73,45.34,41.5,38.4,-0.31,10,10.95,0,1058.95
VEH_001,68b89b2d4f65cd554d7511bd,2025-11-29T11:00:00,ON,14.32,674,17650.04,44.48,41.5,43.1,-0.19,16,11.8,0,1059.81
VEH_001,68b89b2d4f65cd554d7511bd,2025-11-29T12:00:00,ON,13.69,675,17663.73,43.66,40.8,40.6,-0.39,13,11.61,0,1060.63
VEH_001,68b89b2d4f65cd554d7511bd,2025-11-29T13:00:00,ON,16.43,676,17680.16,42.67,41.1,42.3,0.23,22,12.43,0,1061.62
VEH_001,68b89b2d4f65cd554d7511bd,2025-11-29T14:00:00,ON,18.22,677,17698.38,41.58,41,39.4,-0.15,49,12.97,0,1062.71
VEH_001,68b89b2d4f65cd554d7511bd,2025-11-29T15:00:00,ON,20.32,678,17718.7,40.36,40.9,43.8,-0.11,31,13.6,0,1063.93
VEH_001,68b89b2d4f65cd554d7511bd,2025-11-29T16:00:00,ON,28.25,679,17746.95,38.67,40.6,40.6,-0.33,6,15.97,0,1065.63
VEH_001,68b89b2d4f65cd554d7511bd,2025-11-29T17:00:00,ON,34.33,680,17781.28,36.61,40.7,45.3,0.16,29,17.8,0,1067.69
VEH_001,68b89b2d4f65cd554d7511bd,2025-11-29T18:00:00,ON,32.97,681,17814.25,34.63,40.6,46.6,0.15,48,17.39,0,1069.67
VEH_001,68b89b2d4f65cd554d7511bd,2025-11-29T19:00:00,ON,27.17,682,17841.42,33,40.4,44,0.25,16,15.65,0,1071.3
VEH_001,68b89b2d4f65cd554d7511bd,2025-11-29T20:00:00,ON,35.1,683,17876.52,30.89,40.7,44.8,-0.3,4,18.03,0,1073.4
VEH_001,68b89b2d4f65cd554d7511bd,2025-11-29T21:00:00,ON,40.89,684,17917.41,28.44,40.6,43.2,0.32,28,19.77,0,1075.85
VEH_001,68b89b2d4f65cd554d7511bd,2025-11-29T22:00:00,ON,34.82,685,17952.23,26.35,40.6,45.6,-0.38,3,17.95,0,1077.94
VEH_001,68b89b2d4f65cd554d7511bd,2025-11-29T23:00:00,ON,30.69,686,17982.93,24.51,40.9,42.2,0.25,5,16.71,0,1079.79
VEH_001,68b89b2d4f65cd554d7511bd,2025-11-30T00:00:00,ON,24.42,687,18007.35,23.04,41.2,44.6,-0.42,12,14.83,0,1081.25
VEH_001,68b89b2d4f65cd554d7511bd,2025-11-30T01:00:00,ON,28.25,688,18035.6,21.35,40.7,44.6,0.17,29,15.97,0,1082.95
