vehicleId,driverId,timestamp,engineState,speed_mph,odometer_miles,fuelLevel_pct,fuelTemperature_C,engineOilPressure_psi,engineHours_hr,longitudinalAcceleration_ms2,brakePosition_pct,fuelRate_L_per_hr,idleFuelConsumed_L,fuelIntegrated_L,fuel_drop_pct,distance_miles,miles_per_fuel_pct,is_idle,fuel_consumed_idle_L,fuel_consumed_moving_L,acceleration_abs,brake_intensity,driver_aggressiveness,engine_on_duration_sec,speed_bucket,fuel_rate_eff,refill_event,fuel_cycle,time_since_refill_sec,fuel_pct_remaining,fuel_burn_pct_per_sec,fuel_burn_pct_per_sec_smooth,fuel_time_to_empty_sec,fuel_time_to_empty_min,fuel_time_to_empty_hr,fuel_theft_flag,expected_fuel_drop,sudden_drop_trip_flag,fuel_efficiency_miles_per_pct,low_efficiency_flag,idle_fuel_flag,fuel_sensor_tamper_flag,fuel_leak_flag,consumption_rate_L_per_sec,fuel_time_to_empty_sec_v2,fuel_time_to_empty_hr_v2,fuel_per_mile,driver_fuel_efficiency_score,fuel_overheat_flag,fuel_level_alert,fuel_time_to_empty_alert
VEH_003,68b89b2d4f65cd554d7511bd,01/11/2025 0:00,ON,47.99,47.99,82.12,39.6,50.8,1,-0.34,10,21.9,0,2.88,0,0,0,0,0,21.9,0.34,0.1,0.268,3600,1,27.7692,0,0,0,82.12,0,0,0,0,0,0,0,0,0,0,0,0,0,0.006083333,13499.17808,3.749771689,0,0,0,LOW,LOW
VEH_003,68b89b2d4f65cd554d7511bd,01/11/2025 1:00,ON,47.34,95.33,79.28,39.2,48.8,2,0.15,1,21.7,0,5.72,2.84,47.34,16.66901408,0,0,21.7,0.15,0.01,0.108,3600,1,24.0436,0,0,3600,79.28,0.000788889,0.000394444,200991.5493,3349.859155,55.83098592,0,2.710591307,0,16.66901408,0,0,0,0,0.006027778,13152.4424,3.653456221,0.05999155,0.501466276,0,LOW,LOW
VEH_003,68b89b2d4f65cd554d7511bd,01/11/2025 2:00,ON,50.89,146.23,76.23,39.2,49.8,3,-0.1,27,22.77,0,8.77,3.05,50.9,16.68852459,0,0,22.77,0.1,0.27,0.151,3600,1,26.20827,0,0,7200,76.23,0.000847222,0.00054537,139776.5705,2329.609508,38.82682513,0,2.914429606,0,16.68852459,0,0,0,0,0.006325,12052.17391,3.347826087,0.059921415,0.326979472,0,LOW,LOW
VEH_003,68b89b2d4f65cd554d7511bd,01/11/2025 3:00,ON,58.47,204.7,72.72,39.1,52.9,4,0.12,43,25.04,0,12.28,3.51,58.47,16.65811966,0,0,25.04,0.12,0.43,0.213,3600,1,30.37352,0,0,10800,72.72,0.000975,0.000652778,111400.8511,1856.680851,30.94468085,0,3.34787228,0,16.65811966,0,0,0,0,0.006955556,10454.95208,2.904153355,0.060030785,0.595307918,0,LOW,LOW
VEH_003,68b89b2d4f65cd554d7511bd,01/11/2025 4:00,ON,58.7,263.4,69.2,38.9,53.6,5,0.11,20,25.11,0,15.8,3.52,58.7,16.67613636,0,0,25.11,0.11,0.2,0.137,3600,1,28.55007,0,0,14400,69.2,0.000977778,0.000717778,96408.66873,1606.811146,26.78018576,0,3.361041609,0,16.67613636,0,0,0,0,0.006975,9921.146953,2.755874154,0.059965928,0.438416422,0,LOW,LOW
VEH_003,68b89b2d4f65cd554d7511bd,01/11/2025 5:00,ON,57.91,321.31,65.72,38.1,55.9,6,-0.48,1,24.87,0,19.28,3.48,57.91,16.6408046,0,0,24.87,0.48,0.01,0.339,3600,1,33.30093,0,0,18000,65.72,0.000966667,0.000759259,86558.04878,1442.634146,24.04390244,0,3.315807829,0,16.6408046,0,0,0,0,0.006908333,9513.148372,2.642541214,0.060093248,0.714076246,0,LOW,LOW
VEH_003,68b89b2d4f65cd554d7511bd,01/11/2025 6:00,ON,60.86,382.16,62.07,37.7,53.6,7,0,46,25.76,0,22.93,3.65,60.85,16.67123288,0,0,25.76,0,0.46,0.138,3600,1,29.31488,0,0,21600,62.07,0.001013889,0.000795635,78013.16708,1300.219451,21.67032419,0,3.484146199,0,16.67123288,0,0,0,0,0.007155556,8674.378882,2.409549689,0.059983566,0.479472141,0,LOW,LOW
VEH_003,68b89b2d4f65cd554d7511bd,01/11/2025 7:00,ON,55.63,437.79,58.73,37.9,50.6,8,-0.07,41,24.19,0,26.27,3.34,55.63,16.65568862,0,0,24.19,0.07,0.41,0.172,3600,1,28.35068,0,0,25200,58.73,0.000927778,0.000928175,63274.73279,1054.57888,17.57631466,0,3.185259705,0,16.65568862,0,0,0,0,0.006719444,8740.305912,2.427862753,0.060039547,0.607038123,0,LOW,LOW
VEH_003,68b89b2d4f65cd554d7511bd,01/11/2025 8:00,ON,56.71,494.51,55.33,37.8,55.7,9,-0.1,35,24.51,0,29.67,3.4,56.72,16.68235294,0,0,24.51,0.1,0.35,0.175,3600,1,28.79925,0,0,28800,55.33,0.000944444,0.000950397,58217.78706,970.2964509,16.17160752,0,3.247670869,0,16.68235294,0,0,0,0,0.006808333,8126.805386,2.25744594,0.059943583,0.379765396,0,LOW,LOW
VEH_003,68b89b2d4f65cd554d7511bd,01/11/2025 9:00,ON,58.28,552.79,51.83,37.8,52.5,10,-0.11,17,24.98,0,33.17,3.5,58.28,16.65142857,0,0,24.98,0.11,0.17,0.128,3600,1,28.17744,0,0,32400,51.83,0.000972222,0.000968254,53529.34426,892.1557377,14.8692623,0,3.33699327,0,16.65142857,0,0,0,0,0.006938889,7469.495596,2.074859888,0.060054907,0.648093842,0,LOW,LOW
VEH_003,68b89b2d4f65cd554d7511bd,01/11/2025 10:00,ON,58.91,611.7,48.3,37.8,54.5,11,-0.22,28,25.17,0,36.7,3.53,58.91,16.68838527,0,0,25.17,0.22,0.28,0.238,3600,1,31.16046,0,0,36000,48.3,0.000980556,0.000969048,49842.75184,830.7125307,13.84520885,0,3.373065778,0,16.68838527,0,0,0,0,0.006991667,6908.224076,1.918951132,0.059921915,0.331378299,0,LOW,LOW
VEH_003,68b89b2d4f65cd554d7511bd,01/11/2025 11:00,ON,63.75,675.45,44.47,38.1,57.1,12,0.23,32,26.62,0,40.53,3.83,63.75,16.64490862,0,0,26.62,0.23,0.32,0.257,3600,1,33.46134,0,0,39600,44.47,0.001063889,0.000981349,45315.16377,755.2527295,12.58754549,0,3.650194251,0,16.64490862,0,0,0,0,0.007394444,6013.974455,1.67054846,0.060078431,0.696480938,0,MEDIUM,LOW
VEH_003,68b89b2d4f65cd554d7511bd,01/11/2025 12:00,ON,65.45,740.9,40.55,38.3,56.1,13,0.35,11,27.13,0,44.45,3.92,65.45,16.69642857,0,0,27.13,0.35,0.11,0.278,3600,1,34.67214,0,0,43200,40.55,0.001088889,0.00099881,40598.33135,676.6388558,11.27731426,0,3.747532765,0,16.69642857,0,0,0,0,0.007536111,5380.759307,1.494655363,0.059893048,0.282991202,0,MEDIUM,MEDIUM
VEH_003,68b89b2d4f65cd554d7511bd,01/11/2025 13:00,ON,62.74,803.64,36.78,38.8,52.4,14,0.14,26,26.32,0,48.22,3.77,62.74,16.64190981,0,0,26.32,0.14,0.26,0.176,3600,1,30.95232,0,0,46800,36.78,0.001047222,0.001003571,36649.11032,610.8185053,10.18030842,0,3.592363723,0,16.64190981,0,0,0,0,0.007311111,5030.699088,1.397416413,0.060089257,0.712609971,0,MEDIUM,MEDIUM
VEH_003,68b89b2d4f65cd554d7511bd,01/11/2025 14:00,ON,63.72,867.36,32.96,39,56.8,15,-0.26,13,26.62,0,52.04,3.82,63.72,16.68062827,0,0,26.62,0.26,0.13,0.221,3600,1,32.50302,0,0,50400,32.96,0.001061111,0.001022619,32230.96624,537.1827707,8.953046178,0,3.648476513,0,16.68062827,0,0,0,0,0.007394444,4457.400451,1.238166792,0.05994978,0.392961877,0,MEDIUM,MEDIUM
VEH_003,68b89b2d4f65cd554d7511bd,01/11/2025 15:00,ON,63.62,930.98,29.14,39,54.1,16,-0.19,31,26.59,0,55.86,3.82,63.62,16.65445026,0,0,26.59,0.19,0.31,0.226,3600,1,32.59934,0,0,54000,29.14,0.001061111,0.001039286,28038.48797,467.3081329,7.788468881,0,3.642750718,0,16.65445026,0,0,0,0,0.007386111,3945.242572,1.095900715,0.060044011,0.615835777,0,MEDIUM,MEDIUM
VEH_003,68b89b2d4f65cd554d7511bd,01/11/2025 16:00,ON,66.75,997.72,25.14,38.4,56.3,17,0.44,6,27.52,0,59.86,4,66.74,16.685,0,0,27.52,0.44,0.06,0.326,3600,1,36.49152,0,0,57600,25.14,0.001111111,0.001059127,23736.53054,395.6088423,6.593480704,0,3.821395519,0,16.685,0,0,0,0,0.007644444,3288.662791,0.913517442,0.059934073,0.360703812,0,MEDIUM,MEDIUM
VEH_003,68b89b2d4f65cd554d7511bd,01/11/2025 17:00,ON,63.38,1061.11,21.33,38.6,57.7,18,0.37,27,26.52,0,63.67,3.81,63.39,16.63779528,0,0,26.52,0.37,0.27,0.34,3600,1,35.5368,0,0,61200,21.33,0.001058333,0.001070238,19930.14461,332.1690768,5.536151279,0,3.62958139,0,16.63779528,0,0,0,0,0.007366667,2895.475113,0.804298643,0.060104117,0.73313783,0,HIGH,MEDIUM
VEH_003,68b89b2d4f65cd554d7511bd,01/11/2025 18:00,ON,58.88,1119.99,17.8,38.3,52.5,19,-0.14,32,25.16,0,67.2,3.53,58.88,16.67988669,0,0,25.16,0.14,0.32,0.194,3600,1,30.04104,0,0,64800,17.8,0.000980556,0.001058333,16818.89764,280.3149606,4.67191601,0,3.371348039,0,16.67988669,0,0,0,0,0.006988889,2546.899841,0.707472178,0.059952446,0.398826979,0,HIGH,MEDIUM
VEH_003,68b89b2d4f65cd554d7511bd,01/11/2025 19:00,ON,55.23,1175.22,46.54,38,51,20,0.03,36,24.07,0,70.51,0,55.23,0,0,0,24.07,0.03,0.36,0.129,3600,1,27.17503,1,1,0,46.54,0,0.000902778,51552,859.2,14.32,0,3.162356525,0,0,0,0,0,0,0.006686111,6960.697964,1.933527212,0,0.018328446,0,LOW,LOW
VEH_003,68b89b2d4f65cd554d7511bd,01/11/2025 20:00,ON,58.31,1233.53,43.04,37.7,51.9,21,-0.28,23,24.99,0,74.01,3.5,58.31,16.66,0,0,24.99,0.28,0.23,0.265,3600,1,31.61235,0,1,3600,43.04,0.000972222,0.000892063,48247.68683,804.1281139,13.40213523,0,3.338711008,0,16.66,0,0,0,0,0.006941667,6200.240096,1.722288916,0.06002401,0.580645161,0,MEDIUM,LOW
VEH_003,68b89b2d4f65cd554d7511bd,01/11/2025 21:00,ON,61.56,1295.09,39.35,37,54.2,22,-0.22,16,25.97,0,77.71,3.69,61.56,16.68292683,0,0,25.97,0.22,0.16,0.202,3600,1,31.21594,0,1,7200,39.35,0.001025,0.000886905,44367.78523,739.4630872,12.32438479,0,3.524799343,0,16.68292683,0,0,0,0,0.007213889,5454.755487,1.515209858,0.05994152,0.376832845,0,MEDIUM,LOW
VEH_003,68b89b2d4f65cd554d7511bd,01/11/2025 22:00,ON,57.83,1352.92,35.88,36.9,52.5,23,0.13,1,24.85,0,81.18,3.47,57.83,16.66570605,0,0,24.85,0.13,0.01,0.094,3600,1,27.1859,0,1,10800,35.88,0.000963889,0.000873016,41098.90909,684.9818182,11.41636364,0,3.311227193,0,16.66570605,0,0,0,0,0.006902778,5197.907445,1.443863179,0.060003458,0.532258065,0,MEDIUM,MEDIUM
VEH_003,68b89b2d4f65cd554d7511bd,01/11/2025 23:00,ON,58.32,1411.25,32.38,36.6,53.6,24,-0.13,16,25,0,84.67,3.5,58.33,16.66571429,0,0,25,0.13,0.16,0.139,3600,1,28.475,0,1,14400,32.38,0.000972222,0.000853175,37952.37209,632.5395349,10.54232558,0,3.339856167,0,16.66571429,0,0,0,0,0.006944444,4662.72,1.2952,0.060003429,0.530791789,0,MEDIUM,MEDIUM
VEH_003,68b89b2d4f65cd554d7511bd,02/11/2025 0:00,ON,61.98,1473.22,28.66,36.9,59.8,25,-0.41,32,26.09,0,88.39,3.72,61.97,16.65860215,0,0,26.09,0.41,0.32,0.383,3600,1,36.08247,0,1,18000,28.66,0.001033333,0.000849603,33733.39561,562.2232602,9.370387669,0,3.548275102,0,16.65860215,0,0,0,0,0.007247222,3954.618628,1.098505174,0.060029046,0.58797654,0,MEDIUM,MEDIUM
VEH_003,68b89b2d4f65cd554d7511bd,02/11/2025 1:00,ON,56.39,1529.61,25.27,36.7,54.8,26,-0.28,25,24.42,0,91.78,3.39,56.39,16.63421829,0,0,24.42,0.28,0.25,0.271,3600,1,31.03782,0,1,21600,25.27,0.000941667,0.000844048,29939.06911,498.9844852,8.316408087,0,3.228775746,0,16.63421829,0,0,0,0,0.006783333,3725.307125,1.034807535,0.060117042,0.747800587,0,MEDIUM,MEDIUM
VEH_003,68b89b2d4f65cd554d7511bd,02/11/2025 2:00,ON,56.58,1586.19,21.88,36.9,50.4,27,-0.11,17,24.47,0,95.17,3.39,56.58,16.69026549,0,0,24.47,0.11,0.17,0.128,3600,1,27.60216,0,1,25200,21.88,0.000941667,0.000978571,22359.12409,372.6520681,6.210867802,0,3.239654757,0,16.69026549,0,0,0,0,0.006797222,3218.961994,0.89415611,0.059915164,0.319648094,0,HIGH,MEDIUM
VEH_003,68b89b2d4f65cd554d7511bd,02/11/2025 3:00,ON,61.98,1648.18,18.16,37,50.8,28,0.2,6,26.1,0,98.89,3.72,61.99,16.66397849,0,0,26.1,0.2,0.06,0.158,3600,1,30.2238,0,1,28800,18.16,0.001033333,0.000987302,18393.56913,306.5594855,5.109324759,0,3.549420261,0,16.66397849,0,0,0,0,0.00725,2504.827586,0.695785441,0.060009679,0.552785924,0,HIGH,MEDIUM
VEH_003,68b89b2d4f65cd554d7511bd,02/11/2025 4:00,ON,64.54,1712.72,14.29,36.9,54.7,29,0.4,36,26.86,0,102.76,3.87,64.54,16.67700258,0,0,26.86,0.4,0.36,0.388,3600,1,37.28168,0,1,32400,14.29,0.001075,0.000994444,14369.8324,239.4972067,3.991620112,0,3.695428031,0,16.67700258,0,0,0,0,0.007461111,1915.264334,0.53201787,0.059962814,0.42228739,0,HIGH,MEDIUM
VEH_003,68b89b2d4f65cd554d7511bd,02/11/2025 5:00,ON,70.67,1783.39,10.05,36.9,57.3,30,-0.1,32,28.7,0,107,4.24,70.67,16.66745283,0,0,28.7,0.1,0.32,0.166,3600,2,33.4642,0,1,36000,10.05,0.001177778,0.001025,9804.878049,163.4146341,2.723577236,0,4.046419259,0,16.66745283,0,0,0,0,0.007972222,1260.627178,0.350174216,0.05999717,0.516129032,0,HIGH,HIGH
VEH_003,68b89b2d4f65cd554d7511bd,02/11/2025 6:00,ON,72.94,1856.33,5.67,37,56,31,-0.49,45,29.38,0,111.38,4.38,72.94,16.65296804,0,0,29.38,0.49,0.45,0.478,3600,2,43.42364,0,1,39600,5.67,0.001216667,0.001059921,5349.457132,89.15761887,1.485960314,0,4.176394803,0,16.65296804,0,0,0,0,0.008161111,694.758339,0.192988428,0.060049356,0.633431085,0,HIGH,HIGH
VEH_003,68b89b2d4f65cd554d7511bd,02/11/2025 7:00,ON,73.72,1930.04,1.25,36.6,60,32,-0.17,19,29.62,0,115.8,4.42,73.71,16.67647059,0,0,29.62,0.17,0.19,0.176,3600,2,34.83312,0,1,43200,1.25,0.001227778,0.001087698,1149.215615,19.15359358,0.31922656,0,4.220483424,0,16.67647059,0,0,0,0,0.008227778,151.9243754,0.042201215,0.059964727,0.43255132,0,HIGH,HIGH
VEH_003,68b89b2d4f65cd554d7511bd,02/11/2025 8:00,ON,71.58,2001.63,0,37.5,57.7,33,-0.25,29,28.97,0,120.1,1.25,71.59,57.272,0,0,28.97,0.25,0.29,0.262,3600,2,36.56014,0,1,46800,0,0.000347222,0.001002778,0,0,0,0,4.099096572,0,57.272,0,0,0,0,0.008047222,0,0,0.017460539,0.039589443,0,HIGH,HIGH
VEH_003,68b89b2d4f65cd554d7511bd,02/11/2025 9:00,OFF,0,2001.63,0,37.5,2.9,33,-0.01,4,0,0,120.1,0,0,0,0,0,0,0.01,0.04,0.019,0,0,0,0,1,50400,0,0,0.000868254,0,0,0,0,0,0,0,0,0,0,0,0,0,0,0,0,0,HIGH,
VEH_003,68b89b2d4f65cd554d7511bd,02/11/2025 10:00,ON,0,2001.63,44.98,38.1,25.7,33,0.27,16,0,0.03,120.1,0,0,0,1,0.03,0,0.27,0.16,0.237,3600,0,0,1,2,0,44.98,0,0.000720635,62417.18062,1040.286344,17.33810573,0,0,0,0,0,0,0,0,8.33E-06,5397600,1499.333333,0,0,0,MEDIUM,LOW
VEH_003,68b89b2d4f65cd554d7511bd,02/11/2025 11:00,ON,7.91,2009.54,44.5,38.4,36.6,34,0.25,36,9.87,0,120.57,0.48,7.91,16.47916667,0,0,9.87,0.25,0.36,0.283,3600,0,12.66321,0,2,3600,44.5,0.000133333,0.000586111,75924.17062,1265.402844,21.09004739,0,0.452910377,0,16.47916667,0,0,0,0,0.002741667,16231.00304,4.508611955,0.06068268,0.970674487,0,MEDIUM,LOW
VEH_003,68b89b2d4f65cd554d7511bd,02/11/2025 12:00,ON,14.77,2024.3,43.62,38.2,41.6,35,-0.11,22,11.93,0,121.46,0.88,14.76,16.77272727,0,0,11.93,0.11,0.22,0.143,3600,0,13.63599,0,2,7200,43.62,0.000244444,0.000452778,96338.65031,1605.644172,26.7607362,0,0.845127328,0,16.77272727,0,0,0,0,0.003313889,13162.7829,3.656328583,0.059620596,0.105571848,0,MEDIUM,LOW
VEH_003,68b89b2d4f65cd554d7511bd,02/11/2025 13:00,ON,11.06,2035.37,42.95,37.6,34.4,36,0.34,2,10.82,0,122.12,0.67,11.07,16.52238806,0,0,10.82,0.34,0.02,0.244,3600,0,13.46008,0,2,10800,42.95,0.000186111,0.000305556,140563.6364,2342.727273,39.04545455,0,0.633845496,0,16.52238806,0,0,0,0,0.003005556,14290.20333,3.969500924,0.060523939,0.953079179,0,MEDIUM,LOW
VEH_003,68b89b2d4f65cd554d7511bd,02/11/2025 14:00,ON,12.18,2047.55,42.22,37.7,35.9,37,0.38,16,11.15,0,122.85,0.73,12.18,16.68493151,0,0,11.15,0.38,0.16,0.314,3600,0,14.6511,0,2,14400,42.22,0.000202778,0.000159127,265322.6933,4422.044888,73.70074813,0,0.697401819,0,16.68493151,0,0,0,0,0.003097222,13631.56951,3.786547085,0.059934319,0.363636364,0,MEDIUM,LOW
VEH_003,68b89b2d4f65cd554d7511bd,02/11/2025 15:00,ON,17.76,2065.31,41.15,37.8,45,38,-0.2,25,12.83,0,123.92,1.07,17.76,16.59813084,0,0,12.83,0.2,0.25,0.215,3600,0,15.58845,0,2,18000,41.15,0.000297222,0.000151984,270751.9582,4512.532637,75.20887728,0,1.016901175,0,16.59813084,0,0,0,0,0.003563889,11546.37568,3.207326578,0.060247748,0.866568915,0,MEDIUM,LOW
VEH_003,68b89b2d4f65cd554d7511bd,02/11/2025 16:00,ON,22.72,2088.03,39.79,38.1,51.7,39,0.3,0,14.32,0,125.28,1.36,22.72,16.70588235,0,0,14.32,0.3,0,0.21,3600,0,17.3272,0,2,21600,39.79,0.000377778,0.000205952,193200,3220,53.66666667,0,1.300900602,0,16.70588235,0,0,0,0,0.003977778,10003.07263,2.778631285,0.059859155,0.252199413,0,MEDIUM,LOW
VEH_003,68b89b2d4f65cd554d7511bd,02/11/2025 17:00,ON,15.86,2103.89,38.84,37.4,45,40,0.17,24,12.26,0,126.23,0.95,15.86,16.69473684,0,0,12.26,0.17,0.24,0.191,3600,0,14.60166,0,2,25200,38.84,0.000263889,0.000243651,159408.4691,2656.807818,44.28013029,0,0.908111072,0,16.69473684,0,0,0,0,0.003405556,11404.89396,3.168026101,0.059899117,0.293255132,0,MEDIUM,LOW
VEH_003,68b89b2d4f65cd554d7511bd,02/11/2025 18:00,ON,10.34,2114.23,38.22,37.3,39.7,41,-0.46,14,10.6,0,126.85,0.62,10.34,16.67741935,0,0,10.6,0.46,0.14,0.364,3600,0,14.4584,0,2,28800,38.22,0.000172222,0.000249206,153366.879,2556.11465,42.60191083,0,0.592047193,0,16.67741935,0,0,0,0,0.002944444,12980.37736,3.605660377,0.059961315,0.420087977,0,MEDIUM,LOW
VEH_003,68b89b2d4f65cd554d7511bd,02/11/2025 19:00,ON,8.1,2122.33,37.73,37,39.2,42,0.12,3,9.93,0,127.34,0.49,8.1,16.53061224,0,0,9.93,0.12,0.03,0.093,3600,0,10.85349,0,2,32400,37.73,0.000136111,0.00023373,161425.4669,2690.424448,44.84040747,0,0.463789387,0,16.53061224,0,0,0,0,0.002758333,13678.54985,3.79959718,0.060493827,0.945747801,0,MEDIUM,LOW
VEH_003,68b89b2d4f65cd554d7511bd,02/11/2025 20:00,ON,13.57,2135.9,36.92,36.7,40.3,43,-0.37,49,11.57,0,128.15,0.81,13.57,16.75308642,0,0,11.57,0.37,0.49,0.406,3600,0,16.26742,0,2,36000,36.92,0.000225,0.000239286,154292.5373,2571.542289,42.85903814,0,0.776990368,0,16.75308642,0,0,0,0,0.003213889,11487.64045,3.191011236,0.059690494,0.136363636,0,MEDIUM,LOW
VEH_003,68b89b2d4f65cd554d7511bd,02/11/2025 21:00,ON,13.83,2149.74,36.09,36.5,35.2,44,-0.42,36,11.65,0,128.98,0.83,13.84,16.6746988,0,0,11.65,0.42,0.36,0.402,3600,0,16.3333,0,2,39600,36.09,0.000230556,0.000243254,148363.4584,2472.724307,41.21207178,0,0.792450015,0,16.6746988,0,0,0,0,0.003236111,11152.27468,3.097854077,0.059971098,0.451612903,0,MEDIUM,LOW
VEH_003,68b89b2d4f65cd554d7511bd,02/11/2025 22:00,ON,8.78,2158.52,35.56,36.3,38.1,45,0.42,46,10.14,0,129.51,0.53,8.78,16.56603774,0,0,10.14,0.42,0.46,0.432,3600,0,14.52048,0,2,43200,35.56,0.000147222,0.000221825,160306.2612,2671.77102,44.52951699,0,0.502724793,0,16.56603774,0,0,0,0,0.002816667,12624.85207,3.506903353,0.060364465,0.914956012,0,MEDIUM,LOW
VEH_003,68b89b2d4f65cd554d7511bd,02/11/2025 23:00,ON,4.79,2163.31,35.27,35.8,38.8,46,0.45,38,8.94,0,129.8,0.29,4.79,16.51724138,0,0,8.94,0.45,0.38,0.429,3600,0,12.77526,0,2,46800,35.27,8.06E-05,0.000179365,196638.0531,3277.300885,54.62168142,0,0.274265576,0,16.51724138,0,0,0,0,0.002483333,14202.68456,3.945190157,0.060542797,0.95601173,0,MEDIUM,LOW
VEH_003,68b89b2d4f65cd554d7511bd,03/11/2025 0:00,ON,7.3,2170.61,34.84,35.9,35.8,47,-0.34,21,9.69,0,130.24,0.43,7.3,16.97674419,0,0,9.69,0.34,0.21,0.301,3600,0,12.60669,0,2,50400,34.84,0.000119444,0.00015873,219492,3658.2,60.97,0,0.417983028,0,16.97674419,0,0,0,0,0.002691667,12943.65325,3.595459236,0.05890411,0.052785924,0,MEDIUM,LOW
VEH_003,68b89b2d4f65cd554d7511bd,03/11/2025 1:00,ON,0,2170.61,34.81,35.8,21,48,-0.01,38,0,0.03,130.27,0.03,0,0,1,0.03,0,0.01,0.38,0.121,3600,0,0,0,2,54000,34.81,8.33E-06,0.000135317,257246.9208,4287.44868,71.45747801,0,0,0,0,1,1,0,0,8.33E-06,4177200,1160.333333,0,0,0,MEDIUM,LOW
VEH_003,68b89b2d4f65cd554d7511bd,03/11/2025 2:00,ON,0,2170.61,34.78,36.5,20.5,49,0.45,35,0,0.03,130.3,0.03,0,0,1,0.03,0,0.45,0.35,0.42,3600,0,0,0,2,57600,34.78,8.33E-06,0.000117063,297103.7288,4951.728814,82.52881356,0,0,0,0,1,1,0,0,8.33E-06,4173600,1159.333333,0,0,0,MEDIUM,LOW
VEH_003,68b89b2d4f65cd554d7511bd,03/11/2025 3:00,ON,0,2170.61,34.75,37,26.6,50,-0.34,23,0,0.03,130.33,0.03,0,0,1,0.03,0,0.34,0.23,0.307,3600,0,0,0,2,61200,34.75,8.33E-06,8.61E-05,403548.3871,6725.806452,112.0967742,0,0,0,0,1,1,0,0,8.33E-06,4170000,1158.333333,0,0,0,MEDIUM,LOW
VEH_003,68b89b2d4f65cd554d7511bd,03/11/2025 4:00,ON,7.1,2177.72,34.32,37,40.2,51,0.18,34,9.63,0,130.75,0.43,7.11,16.53488372,0,0,9.63,0.18,0.34,0.228,3600,0,11.82564,0,2,64800,34.32,0.000119444,7.02E-05,488623.7288,8143.728814,135.7288136,0,0.407104018,0,16.53488372,0,0,0,0,0.002675,12829.90654,3.563862928,0.0604782,0.942815249,0,MEDIUM,LOW
VEH_003,68b89b2d4f65cd554d7511bd,03/11/2025 5:00,ON,9.39,2187.11,33.76,37.2,37.6,52,0.46,9,10.32,0,131.32,0.56,9.39,16.76785714,0,0,10.32,0.46,0.09,0.349,3600,0,13.92168,0,2,68400,33.76,0.000155556,7.14E-05,472640,7877.333333,131.2888889,0,0.537652141,0,16.76785714,0,0,0,0,0.002866667,11776.74419,3.271317829,0.059637913,0.11143695,0,MEDIUM,LOW
VEH_003,68b89b2d4f65cd554d7511bd,03/11/2025 6:00,ON,4.7,2191.81,33.47,37.4,35.4,53,0.12,22,8.91,0,131.6,0.29,4.7,16.20689655,0,0,8.91,0.12,0.22,0.15,3600,0,10.2465,0,2,72000,33.47,8.06E-05,7.14E-05,468580,7809.666667,130.1611111,0,0.26911236,0,16.20689655,0,0,0,0,0.002475,13523.23232,3.756453423,0.061702128,0.98973607,0,MEDIUM,LOW
VEH_003,68b89b2d4f65cd554d7511bd,03/11/2025 7:00,ON,0,2191.81,33.44,37.4,20.2,54,0.31,40,0,0.03,131.63,0.03,0,0,1,0.03,0,0.31,0.4,0.337,3600,0,0,0,2,75600,33.44,8.33E-06,5.56E-05,601920,10032,167.2,0,0,0,0,1,1,0,0,8.33E-06,4012800,1114.666667,0,0,0,MEDIUM,LOW
VEH_003,68b89b2d4f65cd554d7511bd,03/11/2025 8:00,ON,0,2191.81,33.41,37.6,25.5,55,-0.08,23,0,0.03,131.66,0.03,0,0,1,0.03,0,0.08,0.23,0.125,3600,0,0,0,2,79200,33.41,8.33E-06,5.56E-05,601380,10023,167.05,0,0,0,0,1,1,0,0,8.33E-06,4009200,1113.666667,0,0,0,MEDIUM,LOW
VEH_003,68b89b2d4f65cd554d7511bd,03/11/2025 9:00,ON,4.91,2196.72,33.12,37.6,39.7,56,-0.16,31,8.97,0,131.95,0.29,4.91,16.93103448,0,0,8.97,0.16,0.31,0.205,3600,0,10.80885,0,2,82800,33.12,8.06E-05,6.59E-05,502785.5422,8379.759036,139.6626506,0,0.28113653,0,16.93103448,0,0,0,0,0.002491667,13292.30769,3.692307692,0.059063136,0.058651026,0,MEDIUM,LOW
VEH_003,68b89b2d4f65cd554d7511bd,03/11/2025 10:00,ON,10.64,2207.37,32.48,37.3,37.3,57,0.4,19,10.69,0,132.59,0.64,10.65,16.640625,0,0,10.69,0.4,0.19,0.337,3600,0,14.29253,0,2,86400,32.48,0.000177778,9.01E-05,360570.9251,6009.515419,100.1585903,0,0.609797157,0,16.640625,0,0,0,0,0.002969444,10938.07297,3.038353601,0.060093897,0.715542522,0,MEDIUM,LOW
VEH_003,68b89b2d4f65cd554d7511bd,03/11/2025 11:00,ON,15.87,2223.23,31.53,37.4,40.8,58,0.45,18,12.26,0,133.54,0.95,15.86,16.69473684,0,0,12.26,0.45,0.18,0.369,3600,0,16.78394,0,2,90000,31.53,0.000263889,0.000110714,284787.0968,4746.451613,79.10752688,0,0.908111072,0,16.69473684,0,0,0,0,0.003405556,9258.401305,2.57177814,0.059899117,0.291788856,0,MEDIUM,LOW
VEH_003,68b89b2d4f65cd554d7511bd,03/11/2025 12:00,ON,15.76,2238.99,30.58,37.4,42.7,59,-0.29,22,12.23,0,134.49,0.95,15.76,16.58947368,0,0,12.23,0.29,0.22,0.269,3600,0,15.51987,0,2,93600,30.58,0.000263889,0.00012619,242332.0755,4038.867925,67.31446541,0,0.902385277,0,16.58947368,0,0,0,0,0.003397222,9001.471791,2.500408831,0.060279188,0.887829912,0,MEDIUM,LOW
VEH_003,68b89b2d4f65cd554d7511bd,03/11/2025 13:00,ON,20.26,2259.25,29.37,38.2,45.9,60,0.47,8,13.58,0,135.7,1.21,20.26,16.74380165,0,0,13.58,0.47,0.08,0.353,3600,0,18.37374,0,2,97200,29.37,0.000336111,0.000162698,180518.0488,3008.634146,50.14390244,0,1.160046048,0,16.74380165,0,0,0,0,0.003772222,7785.861561,2.162739323,0.059723593,0.158357771,0,MEDIUM,LOW
VEH_003,68b89b2d4f65cd554d7511bd,03/11/2025 14:00,ON,24.44,2283.69,27.9,38.4,43.3,61,-0.43,49,14.83,0,137.17,1.47,24.44,16.62585034,0,0,14.83,0.43,0.49,0.448,3600,0,21.47384,0,2,100800,27.9,0.000408333,0.000219841,126909.7473,2115.162455,35.25270758,0,1.399384275,0,16.62585034,0,0,0,0,0.004119444,6772.757923,1.881321645,0.0601473,0.787390029,0,MEDIUM,LOW
VEH_003,68b89b2d4f65cd554d7511bd,03/11/2025 15:00,ON,30.71,2314.4,26.06,38.2,45.7,62,0.36,21,16.71,0,139.01,1.84,30.71,16.69021739,0,0,16.71,0.36,0.21,0.315,3600,1,21.97365,0,2,104400,26.06,0.000511111,0.000291667,89348.57143,1489.142857,24.81904762,0,1.758391615,0,16.69021739,0,0,0,0,0.004641667,5614.362657,1.559545183,0.059915337,0.32111437,0,MEDIUM,LOW
VEH_003,68b89b2d4f65cd554d7511bd,03/11/2025 16:00,ON,35.72,2350.11,23.92,37.6,44.5,63,-0.42,43,18.21,0,141.16,2.14,35.71,16.68691589,0,0,18.21,0.42,0.43,0.423,3600,1,25.91283,0,2,108000,23.92,0.000594444,0.000365079,65520,1092,18.2,0,2.04468136,0,16.68691589,0,0,0,0,0.005058333,4728.830313,1.313563976,0.059927191,0.341642229,0,HIGH,MEDIUM
VEH_003,68b89b2d4f65cd554d7511bd,03/11/2025 17:00,ON,36.65,2386.76,21.72,38.1,46.4,64,-0.49,27,18.5,0,143.36,2.2,36.65,16.65909091,0,0,18.5,0.49,0.27,0.424,3600,1,26.344,0,2,111600,21.72,0.000611111,0.000426984,50868.40149,847.8066914,14.13011152,0,2.098503832,0,16.65909091,0,0,0,0,0.005138889,4226.594595,1.174054054,0.060027285,0.585043988,0,HIGH,MEDIUM
VEH_003,68b89b2d4f65cd554d7511bd,03/11/2025 18:00,ON,37.79,2424.56,19.45,37.7,48.2,65,0.18,27,18.84,0,145.62,2.27,37.8,16.65198238,0,0,18.84,0.18,0.27,0.207,3600,1,22.73988,0,2,115200,19.45,0.000630556,0.000479365,40574.50331,676.2417219,11.27069536,0,2.164350474,0,16.65198238,0,0,0,0,0.005233333,3716.56051,1.032377919,0.06005291,0.64516129,0,HIGH,MEDIUM
VEH_003,68b89b2d4f65cd554d7511bd,03/11/2025 19:00,ON,45.19,2469.75,16.74,38,48.3,66,0.46,43,21.06,0,148.33,2.71,45.19,16.67527675,0,0,21.06,0.46,0.43,0.451,3600,1,30.55806,0,2,118800,16.74,0.000752778,0.000549206,30480.34682,508.0057803,8.466763006,0,2.587486717,0,16.67527675,0,0,0,0,0.00585,2861.538462,0.794871795,0.05996902,0.442815249,0,HIGH,MEDIUM
VEH_003,68b89b2d4f65cd554d7511bd,03/11/2025 20:00,ON,52.83,2522.58,13.57,38.2,53.6,67,-0.42,46,23.35,0,151.5,3.17,52.83,16.66561514,0,0,23.35,0.42,0.46,0.432,3600,1,33.4372,0,2,122400,13.57,0.000880556,0.000626984,21643.29114,360.721519,6.012025316,0,3.024937448,0,16.66561514,0,0,0,0,0.006486111,2092.162741,0.581156317,0.060003786,0.53372434,0,HIGH,MEDIUM
VEH_003,68b89b2d4f65cd554d7511bd,03/11/2025 21:00,ON,54.91,2577.49,10.27,37.8,54.3,68,-0.45,11,23.97,0,154.8,3.3,54.91,16.63939394,0,0,23.97,0.45,0.11,0.348,3600,1,32.31156,0,2,126000,10.27,0.000916667,0.000699603,14679.75043,244.6625071,4.077708452,0,3.144033982,0,16.63939394,0,0,0,0,0.006658333,1542.428035,0.428452232,0.060098343,0.719941349,0,HIGH,HIGH
VEH_003,68b89b2d4f65cd554d7511bd,03/11/2025 22:00,ON,62.24,2639.73,6.54,37.9,52,69,0.15,7,26.17,0,158.53,3.73,62.24,16.68632708,0,0,26.17,0.15,0.07,0.126,3600,1,29.46742,0,2,129600,6.54,0.001036111,0.000774603,8443.032787,140.7172131,2.345286885,0,3.563734748,0,16.68632708,0,0,0,0,0.007269444,899.6560948,0.249904471,0.059929306,0.348973607,0,HIGH,HIGH
VEH_003,68b89b2d4f65cd554d7511bd,03/11/2025 23:00,ON,59.9,2699.63,2.95,37.7,48.9,70,0.31,27,25.47,0,162.13,3.59,59.9,16.68523677,0,0,25.47,0.31,0.27,0.298,3600,1,33.06006,0,2,133200,2.95,0.000997222,0.000832143,3545.064378,59.08440629,0.984740105,0,3.429751147,0,16.68523677,0,0,0,0,0.007075,416.9611307,0.115822536,0.059933222,0.359237537,0,HIGH,HIGH
VEH_003,68b89b2d4f65cd554d7511bd,04/11/2025 0:00,ON,56.23,2755.86,32.29,37.8,52.3,71,0.08,24,24.37,0,165.5,0,56.23,0,0,0,24.37,0.08,0.24,0.128,3600,1,27.48936,1,3,0,32.29,0,0.000744841,43351.51838,722.5253063,12.04208844,0,3.219614474,0,0,0,0,0,0,0.006769444,4769.963069,1.324989741,0,0.018328446,0,MEDIUM,MEDIUM
VEH_003,68b89b2d4f65cd554d7511bd,04/11/2025 1:00,ON,54.93,2810.79,28.99,38.1,55.1,72,0.49,48,23.98,0,168.8,3.3,54.93,16.64545455,0,0,23.98,0.49,0.48,0.487,3600,1,35.65826,0,3,3600,28.99,0.000916667,0.000785714,36896.36364,614.9393939,10.2489899,0,3.145179141,0,16.64545455,0,0,0,0,0.006661111,4352.126772,1.208924103,0.060076461,0.690615836,0,MEDIUM,MEDIUM
VEH_003,68b89b2d4f65cd554d7511bd,04/11/2025 2:00,ON,52.95,2863.74,25.81,37.9,52.2,73,-0.44,40,23.39,0,171.97,3.18,52.95,16.6509434,0,0,23.39,0.44,0.4,0.428,3600,1,33.40092,0,3,7200,25.81,0.000883333,0.000804365,32087.41983,534.7903305,8.913172176,0,3.031808402,0,16.6509434,0,0,0,0,0.006497222,3972.466866,1.103463018,0.060056657,0.653958944,0,MEDIUM,MEDIUM
VEH_003,68b89b2d4f65cd554d7511bd,04/11/2025 3:00,ON,51.59,2915.33,22.72,38.4,51.8,74,0.5,37,22.98,0,175.07,3.09,51.59,16.69579288,0,0,22.98,0.5,0.37,0.461,3600,1,33.57378,0,3,10800,22.72,0.000858333,0.00080119,28357.80089,472.6300149,7.877166914,0,2.953937591,0,16.69579288,0,0,0,0,0.006383333,3559.26893,0.988685814,0.059895329,0.284457478,0,HIGH,MEDIUM
VEH_003,68b89b2d4f65cd554d7511bd,04/11/2025 4:00,ON,58.2,2973.53,19.23,38.5,51.6,75,-0.26,8,24.96,0,178.56,3.49,58.2,16.67621777,0,0,24.96,0.26,0.08,0.206,3600,1,30.10176,0,3,14400,19.23,0.000969444,0.00080873,23778.01766,396.3002944,6.605004907,0,3.332412634,0,16.67621777,0,0,0,0,0.006933333,2773.557692,0.770432692,0.059965636,0.436950147,0,HIGH,MEDIUM
VEH_003,68b89b2d4f65cd554d7511bd,04/11/2025 5:00,ON,52.27,3025.8,16.09,39,53.1,76,0.12,27,23.18,0,181.7,3.14,52.27,16.64649682,0,0,23.18,0.12,0.27,0.165,3600,1,27.0047,0,3,18000,16.09,0.000872222,0.000785317,20488.52956,341.4754927,5.691258211,0,2.992872996,0,16.64649682,0,0,0,0,0.006438889,2498.878343,0.694132873,0.060072699,0.681818182,0,HIGH,MEDIUM
VEH_003,68b89b2d4f65cd554d7511bd,04/11/2025 6:00,ON,48.57,3074.37,68.12,38.6,53.4,77,-0.19,0,22.07,0,184.61,0,48.57,0,0,0,22.07,0.19,0,0.133,3600,1,25.00531,1,4,0,68.12,0,0.000642857,105964.4444,1766.074074,29.4345679,0,2.781018585,0,0,0,0,0,0,0.006130556,11111.55415,3.086542818,0,0.018328446,0,LOW,LOW
VEH_003,68b89b2d4f65cd554d7511bd,04/11/2025 7:00,ON,49.4,3123.76,65.16,38.6,53,78,-0.1,47,22.32,0,187.58,2.96,49.39,16.68581081,0,0,22.32,0.1,0.47,0.211,3600,1,27.02952,0,4,3600,65.16,0.000822222,0.000760317,85701.04384,1428.350731,23.80584551,0,2.827970103,0,16.68581081,0,0,0,0,0.0062,10509.67742,2.919354839,0.05993116,0.353372434,0,LOW,LOW
VEH_003,68b89b2d4f65cd554d7511bd,04/11/2025 8:00,ON,49.08,3172.84,62.21,38.6,53.8,79,0.14,10,22.22,0,190.52,2.95,49.08,16.63728814,0,0,22.22,0.14,0.1,0.128,3600,1,25.06416,0,4,7200,62.21,0.000819444,0.000746429,83343.54067,1389.059011,23.15098352,0,2.810220139,0,16.63728814,0,0,0,0,0.006172222,10079.0279,2.799729973,0.060105949,0.736070381,0,LOW,LOW
VEH_003,68b89b2d4f65cd554d7511bd,04/11/2025 9:00,ON,44.48,3217.33,59.54,38.5,44.6,80,-0.06,33,20.85,0,193.19,2.67,44.49,16.66292135,0,0,20.85,0.06,0.33,0.141,3600,1,23.78985,0,4,10800,59.54,0.000741667,0.00072619,81989.5082,1366.491803,22.77486339,0,2.547406153,0,16.66292135,0,0,0,0,0.005791667,10280.28777,2.855635492,0.060013486,0.557184751,0,LOW,LOW
VEH_003,68b89b2d4f65cd554d7511bd,04/11/2025 10:00,ON,42.06,3259.38,57.02,39,46.9,81,0.12,16,20.12,0,195.71,2.52,42.05,16.68650794,0,0,20.12,0.12,0.16,0.132,3600,1,22.77584,0,4,14400,57.02,0.0007,0.000703571,81043.65482,1350.72758,22.51212634,0,2.407696757,0,16.68650794,0,0,0,0,0.005588889,10202.38569,2.833996024,0.059928656,0.347507331,0,LOW,LOW
VEH_003,68b89b2d4f65cd554d7511bd,04/11/2025 11:00,ON,49.25,3308.63,54.06,39.6,50.4,82,-0.24,23,22.27,0,198.67,2.96,49.25,16.63851351,0,0,22.27,0.24,0.23,0.237,3600,1,27.54799,0,4,18000,54.06,0.000822222,0.00068254,79204.18605,1320.069767,22.00116279,0,2.81995399,0,16.63851351,0,0,0,0,0.006186111,8738.931298,2.427480916,0.060101523,0.723607038,0,LOW,LOW
VEH_003,68b89b2d4f65cd554d7511bd,04/11/2025 12:00,ON,41.98,3350.62,51.55,39.9,45.2,83,0.08,10,20.09,0,201.19,2.51,41.99,16.72908367,0,0,20.09,0.08,0.1,0.086,3600,1,21.81774,0,4,21600,51.55,0.000697222,0.00065754,78398.3102,1306.638503,21.77730839,0,2.40426128,0,16.72908367,0,0,0,0,0.005580556,9237.431558,2.565953211,0.059776137,0.186217009,0,LOW,LOW
VEH_003,68b89b2d4f65cd554d7511bd,04/11/2025 13:00,ON,35.2,3385.81,49.43,39.7,46.9,84,-0.32,24,18.06,0,203.3,2.12,35.19,16.5990566,0,0,18.06,0.32,0.24,0.296,3600,1,23.40576,0,4,25200,49.43,0.000588889,0.000741667,66647.19101,1110.786517,18.51310861,0,2.014907227,0,16.5990566,0,0,0,0,0.005016667,9853.156146,2.736987818,0.060244388,0.865102639,0,LOW,LOW
VEH_003,68b89b2d4f65cd554d7511bd,04/11/2025 14:00,ON,41.55,3427.36,46.94,39.3,45.5,85,-0.31,18,19.96,0,205.79,2.49,41.55,16.68674699,0,0,19.96,0.31,0.18,0.271,3600,1,25.36916,0,4,28800,46.94,0.000691667,0.000723016,64922.50274,1082.041712,18.03402854,0,2.379067783,0,16.68674699,0,0,0,0,0.005544444,8466.132265,2.351703407,0.059927798,0.343108504,0,LOW,LOW
VEH_003,68b89b2d4f65cd554d7511bd,04/11/2025 15:00,ON,46.69,3474.05,44.14,39.5,49,86,0.05,4,21.51,0,208.59,2.8,46.69,16.675,0,0,21.51,0.05,0.04,0.047,3600,1,22.52097,0,4,32400,44.14,0.000777778,0.000717063,61556.61317,1025.943553,17.09905921,0,2.673373641,0,16.675,0,0,0,0,0.005975,7387.447699,2.052068805,0.059970015,0.448680352,0,MEDIUM,LOW
VEH_003,68b89b2d4f65cd554d7511bd,04/11/2025 16:00,ON,46.07,3520.12,41.38,39.4,49.5,87,0.19,8,21.32,0,211.36,2.76,46.07,16.69202899,0,0,21.32,0.19,0.08,0.157,3600,1,24.66724,0,4,36000,41.38,0.000766667,0.000720635,57421.5859,957.0264317,15.95044053,0,2.637873712,0,16.69202899,0,0,0,0,0.005922222,6987.242026,1.940900563,0.059908834,0.307917889,0,MEDIUM,LOW
VEH_003,68b89b2d4f65cd554d7511bd,04/11/2025 17:00,ON,39.54,3559.66,39,38.5,44.3,88,-0.12,16,19.36,0,213.73,2.38,39.54,16.61344538,0,0,19.36,0.12,0.16,0.132,3600,1,21.91552,0,4,39600,39,0.000661111,0.000715079,54539.40067,908.9900111,15.14983352,0,2.263979305,0,16.61344538,0,0,0,0,0.005377778,7252.066116,2.01446281,0.06019221,0.829912023,0,MEDIUM,LOW
VEH_003,68b89b2d4f65cd554d7511bd,04/11/2025 18:00,ON,35.97,3595.64,36.84,38.6,44.9,89,-0.13,21,18.29,0,215.89,2.16,35.98,16.65740741,0,0,18.29,0.13,0.21,0.154,3600,1,21.10666,0,4,43200,36.84,0.0006,0.000683333,53912.19512,898.5365854,14.97560976,0,2.060141006,0,16.65740741,0,0,0,0,0.005080556,7251.175506,2.014215418,0.060033352,0.596774194,0,MEDIUM,LOW
VEH_003,68b89b2d4f65cd554d7511bd,04/11/2025 19:00,ON,31.75,3627.39,34.94,38.3,44.3,90,-0.35,6,17.03,0,217.79,1.9,31.75,16.71052632,0,0,17.03,0.35,0.06,0.263,3600,1,21.50889,0,4,46800,34.94,0.000527778,0.000659127,53009.51234,883.4918724,14.72486454,0,1.817939882,0,16.71052632,0,0,0,0,0.004730556,7386.024662,2.051673517,0.05984252,0.23313783,0,MEDIUM,LOW
VEH_003,68b89b2d4f65cd554d7511bd,04/11/2025 20:00,ON,34.75,3662.13,32.85,38.4,42.9,91,-0.4,36,17.92,0,219.88,2.09,34.74,16.62200957,0,0,17.92,0.4,0.36,0.388,3600,1,24.87296,0,4,50400,32.85,0.000580556,0.000657937,49928.82992,832.1471653,13.86911942,0,1.98914115,0,16.62200957,0,0,0,0,0.004977778,6599.330357,1.833147321,0.060161197,0.799120235,0,MEDIUM,LOW
VEH_003,68b89b2d4f65cd554d7511bd,04/11/2025 21:00,ON,29.66,3691.8,31.07,37.7,44.5,92,-0.27,12,16.4,0,221.66,1.78,29.67,16.66853933,0,0,16.4,0.27,0.12,0.225,3600,0,20.09,0,4,54000,31.07,0.000494444,0.000629762,49336.10586,822.268431,13.70447385,0,1.698843348,0,16.66853933,0,0,0,0,0.004555556,6820.243902,1.894512195,0.059993259,0.507331378,0,MEDIUM,LOW
VEH_003,68b89b2d4f65cd554d7511bd,04/11/2025 22:00,ON,31.16,3722.96,29.21,37.4,42.6,93,0.04,33,16.85,0,223.53,1.86,31.16,16.75268817,0,0,16.85,0.04,0.33,0.127,3600,1,18.98995,0,4,57600,29.21,0.000516667,0.00059246,49302.88011,821.7146685,13.69524447,0,1.784157692,0,16.75268817,0,0,0,0,0.004680556,6240.712166,1.733531157,0.059691913,0.137829912,0,MEDIUM,LOW
VEH_003,68b89b2d4f65cd554d7511bd,04/11/2025 23:00,ON,32.08,3755.04,27.28,37.4,41.2,94,-0.26,44,17.13,0,225.45,1.93,32.08,16.62176166,0,0,17.13,0.26,0.44,0.314,3600,1,22.50882,0,4,61200,27.28,0.000536111,0.000559524,48755.74468,812.5957447,13.54326241,0,1.836835005,0,16.62176166,0,0,0,0,0.004758333,5733.099825,1.592527729,0.060162095,0.80058651,0,MEDIUM,LOW
VEH_003,68b89b2d4f65cd554d7511bd,05/11/2025 0:00,ON,29.37,3784.41,38.9,36.9,43.7,95,-0.44,8,16.31,0,227.21,0,29.37,0,0,0,16.31,0.44,0.08,0.332,3600,0,21.72492,1,5,0,38.9,0,0.000465079,83641.63823,1394.027304,23.2337884,0,1.681665963,0,0,0,0,0,0,0.004530556,8586.14347,2.385039853,0,0.018328446,0,MEDIUM,LOW
VEH_003,68b89b2d4f65cd554d7511bd,05/11/2025 1:00,ON,22.65,3807.06,37.54,36,43.1,96,0.37,5,14.3,0,228.57,1.36,22.65,16.65441176,0,0,14.3,0.37,0.05,0.274,3600,0,18.2182,0,5,3600,37.54,0.000377778,0.000433333,86630.76923,1443.846154,24.06410256,0,1.296892546,0,16.65441176,0,0,0,0,0.003972222,9450.629371,2.625174825,0.06004415,0.617302053,0,MEDIUM,LOW
VEH_003,68b89b2d4f65cd554d7511bd,05/11/2025 2:00,ON,30.25,3837.32,35.72,36,45.9,97,0.04,25,16.58,0,230.39,1.82,30.26,16.62637363,0,0,16.58,0.04,0.25,0.103,3600,1,18.28774,0,5,7200,35.72,0.000505556,0.000430159,83039.11439,1383.98524,23.06642066,0,1.732625538,0,16.62637363,0,0,0,0,0.004605556,7755.850422,2.154402895,0.060145406,0.782991202,0,MEDIUM,LOW
VEH_003,68b89b2d4f65cd554d7511bd,05/11/2025 3:00,ON,26.73,3864.05,34.12,36.3,41.4,98,0.01,48,15.52,0,231.99,1.6,26.73,16.70625,0,0,15.52,0.01,0.48,0.151,3600,0,17.86352,0,5,10800,34.12,0.000444444,0.000410714,83074.78261,1384.57971,23.0763285,0,1.530504978,0,16.70625,0,0,0,0,0.004311111,7914.43299,2.198453608,0.059857838,0.247800587,0,MEDIUM,LOW
VEH_003,68b89b2d4f65cd554d7511bd,05/11/2025 4:00,ON,27.21,3891.26,32.49,35.6,43.5,99,0.43,12,15.66,0,233.63,1.63,27.21,16.69325153,0,0,15.66,0.43,0.12,0.337,3600,0,20.93742,0,5,14400,32.49,0.000452778,0.000404762,80269.41176,1337.823529,22.29705882,0,1.557988793,0,16.69325153,0,0,0,0,0.00435,7468.965517,2.074712644,0.059904447,0.302052786,0,MEDIUM,LOW
VEH_003,68b89b2d4f65cd554d7511bd,05/11/2025 5:00,ON,27.73,3918.99,30.82,35.2,42.2,100,0.18,16,15.82,0,235.29,1.67,27.73,16.60479042,0,0,15.82,0.18,0.16,0.174,3600,0,18.57268,0,5,18000,30.82,0.000463889,0.000397222,77588.81119,1293.146853,21.55244755,0,1.587762927,0,16.60479042,0,0,0,0,0.004394444,7013.400759,1.948166877,0.060223585,0.856304985,0,MEDIUM,LOW
VEH_003,68b89b2d4f65cd554d7511bd,05/11/2025 6:00,ON,21.6,3940.59,29.53,35.5,41.2,101,0.35,43,13.98,0,236.59,1.29,21.6,16.74418605,0,0,13.98,0.35,0.43,0.374,3600,0,19.20852,0,5,21600,29.53,0.000358333,0.000371825,79418.9968,1323.649947,22.06083244,0,1.236771699,0,16.74418605,0,0,0,0,0.003883333,7604.291845,2.11230329,0.059722222,0.153958944,0,MEDIUM,LOW
VEH_003,68b89b2d4f65cd554d7511bd,05/11/2025 7:00,ON,20.14,3960.73,28.32,35.6,40,102,0.43,21,13.54,0,237.79,1.21,20.14,16.6446281,0,0,13.54,0.43,0.21,0.364,3600,0,18.46856,0,5,25200,28.32,0.000336111,0.000419841,67454.06427,1124.234405,18.73724008,0,1.153175094,0,16.6446281,0,0,0,0,0.003761111,7529.689808,2.091580502,0.060079444,0.697947214,0,MEDIUM,LOW
VEH_003,68b89b2d4f65cd554d7511bd,05/11/2025 8:00,ON,12.91,3973.64,27.54,35.1,40.9,103,0.33,36,11.37,0,238.57,0.78,12.91,16.55128205,0,0,11.37,0.33,0.36,0.339,3600,0,15.22443,0,5,28800,27.54,0.000216667,0.000396825,69400.8,1156.68,19.278,0,0.739200122,0,16.55128205,0,0,0,0,0.003158333,8719.788918,2.422163588,0.06041828,0.929618768,0,MEDIUM,LOW
VEH_003,68b89b2d4f65cd554d7511bd,05/11/2025 9:00,ON,17.94,3991.57,26.47,35.3,42.8,104,-0.11,39,12.88,0,239.64,1.07,17.93,16.75700935,0,0,12.88,0.11,0.39,0.194,3600,0,15.37872,0,5,32400,26.47,0.000297222,0.000367063,72112.86486,1201.881081,20.03135135,0,1.026635026,0,16.75700935,0,0,0,0,0.003577778,7398.447205,2.055124224,0.05967652,0.126099707,0,MEDIUM,LOW
VEH_003,68b89b2d4f65cd554d7511bd,05/11/2025 10:00,ON,17.17,4008.74,25.44,35.2,42.1,105,-0.06,32,12.65,0,240.67,1.03,17.17,16.66990291,0,0,12.65,0.06,0.32,0.138,3600,0,14.3957,0,5,36000,25.44,0.000286111,0.000344444,73858.06452,1230.967742,20.51612903,0,0.983118985,0,16.66990291,0,0,0,0,0.003513889,7239.841897,2.011067194,0.059988352,0.491202346,0,MEDIUM,LOW
VEH_003,68b89b2d4f65cd554d7511bd,05/11/2025 11:00,ON,12.89,4021.63,24.66,36.1,41.3,106,0.12,5,11.37,0,241.45,0.78,12.89,16.52564103,0,0,11.37,0.12,0.05,0.099,3600,0,12.49563,0,5,39600,24.66,0.000216667,0.000310714,79365.51724,1322.758621,22.04597701,0,0.738054963,0,16.52564103,0,0,0,0,0.003158333,7807.915567,2.168865435,0.060512025,0.950146628,0,HIGH,LOW
VEH_003,68b89b2d4f65cd554d7511bd,05/11/2025 12:00,ON,19.92,4041.55,23.47,36.1,42.1,107,0.12,29,13.48,0,242.64,1.19,19.92,16.7394958,0,0,13.48,0.12,0.29,0.171,3600,0,15.78508,0,5,43200,23.47,0.000330556,0.000291667,80468.57143,1341.142857,22.35238095,0,1.140578345,0,16.7394958,0,0,0,0,0.003744444,6267.952522,1.741097923,0.059738956,0.167155425,0,HIGH,LOW
VEH_003,68b89b2d4f65cd554d7511bd,05/11/2025 13:00,ON,26.23,4067.78,21.9,36,40.5,108,0.24,3,15.37,0,244.22,1.57,26.23,16.70700637,0,0,15.37,0.24,0.03,0.177,3600,0,18.09049,0,5,46800,21.9,0.000436111,0.000302778,72330.27523,1205.504587,20.09174312,0,1.501876003,0,16.70700637,0,0,0,0,0.004269444,5129.472999,1.424853611,0.059855128,0.244868035,0,HIGH,MEDIUM
VEH_003,68b89b2d4f65cd554d7511bd,05/11/2025 14:00,ON,27.34,4095.12,20.26,35.6,46.1,109,-0.39,35,15.7,0,245.86,1.64,27.34,16.67073171,0,0,15.7,0.39,0.35,0.378,3600,0,21.6346,0,5,50400,20.26,0.000455556,0.000319841,63343.9206,1055.73201,17.5955335,0,1.565432327,0,16.67073171,0,0,0,0,0.004361111,4645.605096,1.29044586,0.059985369,0.485337243,0,HIGH,MEDIUM
VEH_003,68b89b2d4f65cd554d7511bd,05/11/2025 15:00,ON,26.66,4121.78,18.66,35.4,40.8,110,-0.09,44,15.5,0,247.46,1.6,26.66,16.6625,0,0,15.5,0.09,0.44,0.195,3600,0,18.5225,0,5,54000,18.66,0.000444444,0.000352381,52954.05405,882.5675676,14.70945946,0,1.526496921,0,16.6625,0,0,0,0,0.004305556,4333.935484,1.203870968,0.060015004,0.563049853,0,HIGH,MEDIUM
VEH_003,68b89b2d4f65cd554d7511bd,05/11/2025 16:00,ON,30.18,4151.95,16.85,36.6,40.3,111,-0.15,10,16.55,0,249.27,1.81,30.17,16.66850829,0,0,16.55,0.15,0.1,0.135,3600,1,18.78425,0,5,57600,16.85,0.000502778,0.000381746,44139.29314,735.6548857,12.26091476,0,1.727472322,0,16.66850829,0,0,0,0,0.004597222,3665.256798,1.018126888,0.059993371,0.508797654,0,HIGH,MEDIUM
VEH_003,68b89b2d4f65cd554d7511bd,05/11/2025 17:00,ON,37.52,4189.47,14.59,36.7,48.8,112,0.41,39,18.76,0,251.52,2.26,37.52,16.60176991,0,0,18.76,0.41,0.39,0.404,3600,1,26.33904,0,5,61200,14.59,0.000627778,0.000430556,33886.45161,564.7741935,9.412903226,0,2.148318248,0,16.60176991,0,0,0,0,0.005211111,2799.78678,0.77771855,0.060234542,0.859237537,0,HIGH,MEDIUM
VEH_003,68b89b2d4f65cd554d7511bd,05/11/2025 18:00,ON,37.62,4227.09,54.78,36.1,47,113,0.2,36,18.78,0,253.78,0,37.62,0,0,0,18.78,0.2,0.36,0.248,3600,1,23.43744,1,6,0,54.78,0,0.000399603,137085.998,2284.766634,38.07944389,0,2.154044043,0,0,0,0,0,0,0.005216667,10500.95847,2.916932907,0,0.018328446,0,LOW,LOW
VEH_003,68b89b2d4f65cd554d7511bd,05/11/2025 19:00,ON,40.93,4268.02,52.32,36.4,52.5,114,-0.08,28,19.78,0,256.23,2.46,40.93,16.63821138,0,0,19.78,0.08,0.28,0.14,3600,1,22.5492,0,6,3600,52.32,0.000683333,0.00045,116266.6667,1937.777778,32.2962963,0,2.343567854,0,16.63821138,0,0,0,0,0.005494444,9522.345804,2.645096057,0.060102614,0.730205279,0,LOW,LOW
VEH_003,68b89b2d4f65cd554d7511bd,05/11/2025 20:00,ON,34.6,4302.62,50.25,37,44.2,115,-0.31,22,17.88,0,258.31,2.07,34.6,16.71497585,0,0,17.88,0.31,0.22,0.283,3600,1,22.94004,0,6,7200,50.25,0.000575,0.000469841,106951.0135,1782.516892,29.70861486,0,1.981125037,0,16.71497585,0,0,0,0,0.004966667,10117.44966,2.810402685,0.05982659,0.218475073,0,LOW,LOW
VEH_003,68b89b2d4f65cd554d7511bd,05/11/2025 21:00,ON,41.33,4343.95,47.77,36.8,54.3,116,-0.1,8,19.9,0,260.79,2.48,41.33,16.66532258,0,0,19.9,0.1,0.08,0.094,3600,1,21.7706,0,6,10800,47.77,0.000688889,0.000503175,94937.22397,1582.287066,26.3714511,0,2.366471034,0,16.66532258,0,0,0,0,0.005527778,8641.809045,2.400502513,0.060004839,0.538123167,0,LOW,LOW
VEH_003,68b89b2d4f65cd554d7511bd,05/11/2025 22:00,ON,45.24,4389.19,45.05,37,50.3,117,-0.39,24,21.07,0,263.5,2.72,45.24,16.63235294,0,0,21.07,0.39,0.24,0.345,3600,1,28.33915,0,6,14400,45.05,0.000755556,0.000547619,82265.21739,1371.086957,22.85144928,0,2.590349615,0,16.63235294,0,0,0,0,0.005852778,7697.19981,2.138111058,0.060123784,0.760997067,0,LOW,LOW
VEH_003,68b89b2d4f65cd554d7511bd,05/11/2025 23:00,ON,51.06,4440.25,41.99,37.5,47.1,118,0.42,42,22.82,0,266.56,3.06,51.06,16.68627451,0,0,22.82,0.42,0.42,0.42,3600,1,32.4044,0,6,18000,41.99,0.00085,0.000597222,70308.83721,1171.813953,19.53023256,0,2.923590878,0,16.68627451,0,0,0,0,0.006338889,6624.189308,1.840052585,0.059929495,0.350439883,0,MEDIUM,LOW
VEH_003,68b89b2d4f65cd554d7511bd,06/11/2025 0:00,ON,43.58,4483.83,39.38,36.4,45.6,119,-0.47,32,20.57,0,269.18,2.61,43.58,16.69731801,0,0,20.57,0.47,0.32,0.425,3600,1,29.31225,0,6,21600,39.38,0.000725,0.000611111,64440,1074,17.9,0,2.495301419,0,16.69731801,0,0,0,0,0.005713889,6891.97861,1.914438503,0.059889858,0.278592375,0,MEDIUM,LOW
VEH_003,68b89b2d4f65cd554d7511bd,06/11/2025 1:00,ON,41.38,4525.21,36.89,36.5,47.3,120,-0.41,39,19.91,0,271.66,2.49,41.38,16.6184739,0,0,19.91,0.41,0.39,0.404,3600,1,27.95364,0,6,25200,36.89,0.000691667,0.000709921,51963.55506,866.059251,14.43432085,0,2.369333931,0,16.6184739,0,0,0,0,0.005530556,6670.215972,1.85283777,0.060173997,0.81085044,0,MEDIUM,LOW
VEH_003,68b89b2d4f65cd554d7511bd,06/11/2025 2:00,ON,41.42,4566.63,34.41,36.1,46,121,0.4,31,19.92,0,274.15,2.48,41.42,16.7016129,0,0,19.92,0.4,0.31,0.373,3600,1,27.35016,0,6,28800,34.41,0.000688889,0.000710714,48416.0804,806.9346734,13.44891122,0,2.371624249,0,16.7016129,0,0,0,0,0.005533333,6218.674699,1.727409639,0.059874457,0.262463343,0,MEDIUM,LOW
VEH_003,68b89b2d4f65cd554d7511bd,06/11/2025 3:00,ON,40.91,4607.53,31.95,36.3,48.5,122,-0.21,46,19.77,0,276.6,2.46,40.9,16.62601626,0,0,19.77,0.21,0.46,0.285,3600,1,25.40445,0,6,32400,31.95,0.000683333,0.00072619,43996.72131,733.2786885,12.22131148,0,2.341850116,0,16.62601626,0,0,0,0,0.005491667,5817.905918,1.616084977,0.060146699,0.785923754,0,MEDIUM,LOW
VEH_003,68b89b2d4f65cd554d7511bd,06/11/2025 4:00,ON,41.35,4648.88,29.47,36.8,51.9,123,-0.4,7,19.9,0,279.08,2.48,41.35,16.6733871,0,0,19.9,0.4,0.07,0.301,3600,1,25.8899,0,6,36000,29.47,0.000688889,0.00072619,40581.63934,676.3606557,11.2726776,0,2.367616193,0,16.6733871,0,0,0,0,0.005527778,5331.256281,1.480904523,0.059975816,0.460410557,0,MEDIUM,MEDIUM
VEH_003,68b89b2d4f65cd554d7511bd,06/11/2025 5:00,ON,47.14,4696.02,26.64,36.8,51.8,124,-0.09,22,21.64,0,281.91,2.83,47.14,16.65724382,0,0,21.64,0.09,0.22,0.129,3600,1,24.43156,0,6,39600,26.64,0.000786111,0.000730556,36465.39924,607.756654,10.12927757,0,2.699139718,0,16.65724382,0,0,0,0,0.006011111,4431.792976,1.231053604,0.060033941,0.599706745,0,MEDIUM,MEDIUM
VEH_003,68b89b2d4f65cd554d7511bd,06/11/2025 6:00,ON,54.8,4750.82,23.36,36.3,55.2,125,-0.25,22,23.94,0,285.2,3.28,54.8,16.70731707,0,0,23.94,0.25,0.22,0.241,3600,1,29.70954,0,6,43200,23.36,0.000911111,0.000739286,31598.06763,526.6344605,8.777241009,0,3.137735607,0,16.70731707,0,0,0,0,0.00665,3512.781955,0.975772765,0.059854015,0.24340176,0,HIGH,MEDIUM
VEH_003,68b89b2d4f65cd554d7511bd,06/11/2025 7:00,ON,57.55,4808.38,46.98,35.4,51.7,126,0.15,46,24.77,0,288.65,0,57.56,0,0,0,24.77,0.15,0.46,0.243,3600,1,30.78911,1,7,0,46.98,0,0.000635714,73901.1236,1231.685393,20.52808989,0,3.295767547,0,0,0,0,0,0,0.006880556,6827.937021,1.896649172,0,0.018328446,0,LOW,LOW
VEH_003,68b89b2d4f65cd554d7511bd,06/11/2025 8:00,ON,61.08,4869.46,43.32,35.6,54.1,127,0.31,15,25.83,0,292.32,3.66,61.08,16.68852459,0,0,25.83,0.31,0.15,0.262,3600,1,32.59746,0,7,3600,43.32,0.001016667,0.000682143,63505.75916,1058.429319,17.64048866,0,3.497315527,0,16.68852459,0,0,0,0,0.007175,6037.630662,1.677119628,0.059921415,0.328445748,0,MEDIUM,LOW
VEH_003,68b89b2d4f65cd554d7511bd,06/11/2025 9:00,ON,59.44,4928.9,39.75,35.6,55.1,128,-0.49,6,25.33,0,295.88,3.57,59.44,16.64985994,0,0,25.33,0.49,0.06,0.361,3600,1,34.47413,0,7,7200,39.75,0.000991667,0.000725397,54797.593,913.2932166,15.22155361,0,3.403412491,0,16.64985994,0,0,0,0,0.007036111,5649.427556,1.569285432,0.060060565,0.661290323,0,MEDIUM,LOW
VEH_003,68b89b2d4f65cd554d7511bd,06/11/2025 10:00,ON,63.21,4992.11,35.96,35.5,55.6,129,0.2,0,26.46,0,299.68,3.79,63.21,16.67810026,0,0,26.46,0.2,0,0.14,3600,1,30.1644,0,7,10800,35.96,0.001052778,0.000778175,46210.70882,770.1784804,12.83630801,0,3.619274959,0,16.67810026,0,0,0,0,0.00735,4892.517007,1.359032502,0.059958867,0.41202346,0,MEDIUM,MEDIUM
VEH_003,68b89b2d4f65cd554d7511bd,06/11/2025 11:00,ON,68.29,5060.41,31.86,35.8,59.6,130,-0.23,4,27.99,0,303.77,4.1,68.3,16.65853659,0,0,27.99,0.23,0.04,0.173,3600,1,32.83227,0,7,14400,31.86,0.001138889,0.00084246,37817.80499,630.2967499,10.50494583,0,3.910717919,0,16.65853659,0,0,0,0,0.007775,4097.749196,1.138263666,0.060029283,0.589442815,0,MEDIUM,MEDIUM
VEH_003,68b89b2d4f65cd554d7511bd,06/11/2025 12:00,ON,65.82,5126.22,27.91,35.1,54.7,131,0.47,43,27.24,0,307.72,3.95,65.81,16.66075949,0,0,27.24,0.47,0.43,0.458,3600,1,39.71592,0,7,18000,27.91,0.001097222,0.000886905,31468.99329,524.4832215,8.741387025,0,3.768145626,0,16.66075949,0,0,0,0,0.007566667,3688.546256,1.024596182,0.060021273,0.576246334,0,MEDIUM,MEDIUM
VEH_003,68b89b2d4f65cd554d7511bd,06/11/2025 13:00,ON,60.06,5186.28,24.31,35.3,54.1,132,-0.07,16,25.52,0,311.33,3.6,60.06,16.68333333,0,0,25.52,0.07,0.16,0.097,3600,1,27.99544,0,7,21600,24.31,0.001,0.000899603,27023.02603,450.3837671,7.506396118,0,3.438912419,0,16.68333333,0,0,0,0,0.007088889,3429.310345,0.952586207,0.05994006,0.373900293,0,HIGH,MEDIUM
VEH_003,68b89b2d4f65cd554d7511bd,06/11/2025 14:00,ON,56.36,5242.64,20.93,35.4,51.1,133,0.33,3,24.41,0,314.71,3.38,56.36,16.67455621,0,0,24.41,0.33,0.03,0.24,3600,1,30.2684,0,7,25200,20.93,0.000938889,0.00103373,20247.06334,337.4510557,5.624184261,0,3.227058008,0,16.67455621,0,0,0,0,0.006780556,3086.767718,0.857435477,0.059971611,0.453079179,0,HIGH,MEDIUM
VEH_003,68b89b2d4f65cd554d7511bd,06/11/2025 15:00,ON,50.47,5293.11,17.9,35.2,53.1,134,0.03,41,22.64,0,317.74,3.03,50.47,16.65676568,0,0,22.64,0.03,0.41,0.144,3600,1,25.90016,0,7,28800,17.9,0.000841667,0.00100873,17745.08261,295.7513769,4.929189614,0,2.889808688,0,16.65676568,0,0,0,0,0.006288889,2846.289753,0.790636042,0.060035665,0.601173021,0,HIGH,MEDIUM
VEH_003,68b89b2d4f65cd554d7511bd,06/11/2025 16:00,ON,51.7,5344.81,14.8,35.4,50,135,-0.49,20,23.01,0,320.84,3.1,51.7,16.67741935,0,0,23.01,0.49,0.2,0.403,3600,1,32.28303,0,7,32400,14.8,0.000861111,0.000990079,14948.29659,249.1382766,4.152304609,0,2.960235965,0,16.67741935,0,0,0,0,0.006391667,2315.514993,0.643198609,0.059961315,0.416422287,0,HIGH,MEDIUM
VEH_003,68b89b2d4f65cd554d7511bd,06/11/2025 17:00,ON,47.92,5392.73,11.92,35.6,49.7,136,0.07,16,21.87,0,323.71,2.88,47.92,16.63888889,0,0,21.87,0.07,0.16,0.097,3600,1,23.99139,0,7,36000,11.92,0.0008,0.000953968,12495.17471,208.2529118,3.470881864,0,2.743800918,0,16.63888889,0,0,0,0,0.006075,1962.139918,0.545038866,0.060100167,0.721407625,0,HIGH,MEDIUM
VEH_003,68b89b2d4f65cd554d7511bd,06/11/2025 18:00,ON,46.62,5439.34,9.13,36.6,50.9,137,-0.42,35,21.49,0,326.51,2.79,46.61,16.70609319,0,0,21.49,0.42,0.35,0.399,3600,1,30.06451,0,7,39600,9.13,0.000775,0.000901984,10122.12934,168.7021557,2.811702596,0,2.668793005,0,16.70609319,0,0,0,0,0.005969444,1529.455561,0.424848767,0.059858399,0.249266862,0,HIGH,HIGH
VEH_003,68b89b2d4f65cd554d7511bd,06/11/2025 19:00,ON,50.95,5490.3,6.07,36.3,51.5,138,0.11,33,22.79,0,329.57,3.06,50.96,16.65359477,0,0,22.79,0.11,0.33,0.176,3600,1,26.80104,0,7,43200,6.07,0.00085,0.000866667,7003.846154,116.7307692,1.945512821,0,2.917865083,0,16.65359477,0,0,0,0,0.006330556,958.8415972,0.266344888,0.060047096,0.623167155,0,HIGH,HIGH
VEH_003,68b89b2d4f65cd554d7511bd,06/11/2025 20:00,ON,49.3,5539.59,3.11,36.4,51.2,139,-0.34,42,22.29,0,332.53,2.96,49.29,16.65202703,0,0,22.29,0.34,0.42,0.364,3600,1,30.40356,0,7,46800,3.11,0.000822222,0.00084127,3696.792453,61.61320755,1.026886792,0,2.822244308,0,16.65202703,0,0,0,0,0.006191667,502.2880215,0.13952445,0.060052749,0.643695015,0,HIGH,HIGH
VEH_003,68b89b2d4f65cd554d7511bd,06/11/2025 21:00,ON,54.84,5594.44,0,35.8,49,140,-0.09,42,23.95,0,335.82,3.11,54.85,17.63665595,0,0,23.95,0.09,0.42,0.189,3600,1,28.47655,0,7,50400,0,0.000863889,0.000830556,0,0,0,0,3.140598505,0,17.63665595,0,0,0,0,0.006652778,0,0,0.056700091,0.045454545,0,HIGH,HIGH
VEH_003,68b89b2d4f65cd554d7511bd,06/11/2025 22:00,OFF,0,5594.44,0,35.2,0,140,0.47,37,0,0,335.82,0,0,0,0,0,0,0.47,0.37,0.44,0,0,0,0,7,54000,0,0,0.000710317,0,0,0,0,0,0,0,0,0,0,0,0,0,0,0,0,0,HIGH,
VEH_003,68b89b2d4f65cd554d7511bd,06/11/2025 23:00,OFF,0,5594.44,0,34.7,2.7,140,0.37,7,0,0,335.82,0,0,0,0,0,0,0.37,0.07,0.28,0,0,0,0,7,57600,0,0,0.000587302,0,0,0,0,0,0,0,0,0,0,0,0,0,0,0,0,0,HIGH,
VEH_003,68b89b2d4f65cd554d7511bd,07/11/2025 0:00,OFF,0,5594.44,0,34.6,4.9,140,0.4,11,0,0,335.82,0,0,0,0,0,0,0.4,0.11,0.313,0,0,0,0,7,61200,0,0,0.000473016,0,0,0,0,0,0,0,0,0,0,0,0,0,0,0,0,0,HIGH,
VEH_003,68b89b2d4f65cd554d7511bd,07/11/2025 1:00,ON,0,5594.44,59.63,34.8,21.8,140,0.07,6,0,0.03,335.82,0,0,0,1,0.03,0,0.07,0.06,0.067,3600,0,0,1,8,0,59.63,0,0.000362302,164586.6375,2743.110624,45.71851041,0,0,0,0,0,0,0,0,8.33E-06,7155600,1987.666667,0,0,0,LOW,LOW
VEH_003,68b89b2d4f65cd554d7511bd,07/11/2025 2:00,ON,0,5594.44,59.6,34.9,23,141,0.42,49,0,0.03,335.85,0.03,0,0,1,0.03,0,0.42,0.49,0.441,3600,0,0,0,8,3600,59.6,8.33E-06,0.000242063,246216.3934,4103.606557,68.39344262,0,0,0,0,1,1,0,0,8.33E-06,7152000,1986.666667,0,0,0,LOW,LOW
VEH_003,68b89b2d4f65cd554d7511bd,07/11/2025 3:00,ON,0,5594.44,59.57,35.4,26.4,142,0.15,23,0,0.03,335.88,0.03,0,0,1,0.03,0,0.15,0.23,0.174,3600,0,0,0,8,7200,59.57,8.33E-06,0.000125794,473553.3123,7892.555205,131.5425868,0,0,0,0,1,1,0,0,8.33E-06,7148400,1985.666667,0,0,0,LOW,LOW
VEH_003,68b89b2d4f65cd554d7511bd,07/11/2025 4:00,ON,0,5594.44,59.54,34.3,20.8,143,0.2,39,0,0.03,335.91,0.03,0,0,1,0.03,0,0.2,0.39,0.257,3600,0,0,0,8,10800,59.54,8.33E-06,3.57E-06,16671200,277853.3333,4630.888889,0,0,0,0,1,1,0,0,8.33E-06,7144800,1984.666667,0,0,0,LOW,LOW
VEH_003,68b89b2d4f65cd554d7511bd,07/11/2025 5:00,ON,0,5594.44,59.51,34.9,25.4,144,0.16,12,0,0.03,335.94,0.03,0,0,1,0.03,0,0.16,0.12,0.148,3600,0,0,0,8,14400,59.51,8.33E-06,4.76E-06,12497100,208285,3471.416667,0,0,0,0,1,1,0,0,8.33E-06,7141200,1983.666667,0,0,0,LOW,LOW
VEH_003,68b89b2d4f65cd554d7511bd,07/11/2025 6:00,ON,2.01,5596.45,59.39,35,32.3,145,-0.48,41,8.1,0,336.06,0.12,2.01,16.75,0,0,8.1,0.48,0.41,0.459,3600,0,11.8179,0,8,18000,59.39,3.33E-05,9.52E-06,6235950,103932.5,1732.208333,0,0.115088478,0,16.75,0,0,0,0,0.00225,26395.55556,7.332098765,0.059701493,0.140029326,0,LOW,LOW
VEH_003,68b89b2d4f65cd554d7511bd,07/11/2025 7:00,ON,9.86,5606.31,71.58,35.2,39.7,146,-0.43,45,10.46,0,336.65,0,9.86,0,0,0,10.46,0.43,0.45,0.436,3600,0,15.02056,1,9,0,71.58,0,9.52E-06,7515900,125265,2087.75,0,0.564563378,0,0,0,0,0,0,0.002905556,24635.56405,6.843212237,0,0.018328446,0,LOW,LOW
VEH_003,68b89b2d4f65cd554d7511bd,07/11/2025 8:00,ON,7.47,5613.78,71.13,35.1,36,147,-0.02,15,9.74,0,337.1,0.45,7.47,16.6,0,0,9.74,0.02,0.15,0.059,3600,0,10.31466,0,9,3600,71.13,0.000125,2.74E-05,2597791.304,43296.52174,721.6086957,0,0.427716879,0,16.6,0,0,0,0,0.002705556,26290.34908,7.302874743,0.060240964,0.863636364,0,LOW,LOW
VEH_003,68b89b2d4f65cd554d7511bd,07/11/2025 9:00,ON,13.45,5627.23,70.32,35.7,35,148,0.24,29,11.53,0,337.9,0.81,13.45,16.60493827,0,0,11.53,0.24,0.29,0.255,3600,0,14.47015,0,9,7200,70.32,0.000225,5.83E-05,1205485.714,20091.42857,334.8571429,0,0.770119415,0,16.60493827,0,0,0,0,0.003202778,21955.94102,6.098872507,0.060223048,0.853372434,0,LOW,LOW
VEH_003,68b89b2d4f65cd554d7511bd,07/11/2025 10:00,ON,5.5,5632.73,69.99,35,32.1,149,0.35,17,9.15,0,338.23,0.33,5.5,16.66666667,0,0,9.15,0.35,0.17,0.296,3600,0,11.8584,0,9,10800,69.99,9.17E-05,7.02E-05,996467.7966,16607.79661,276.7966102,0,0.31491872,0,16.66666667,0,0,0,0,0.002541667,27537.04918,7.649180328,0.06,0.517595308,0,LOW,LOW
VEH_003,68b89b2d4f65cd554d7511bd,07/11/2025 11:00,ON,1.24,5633.98,69.92,34.9,35.3,150,-0.12,23,7.87,0,338.31,0.07,1.25,17.85714286,0,0,7.87,0.12,0.23,0.153,3600,0,9.07411,0,9,14400,69.92,1.94E-05,7.18E-05,973471.8232,16224.53039,270.4088398,0,0.071572436,0,17.85714286,0,0,0,0,0.002186111,31983.73571,8.884371029,0.056,0.042521994,0,LOW,LOW
VEH_003,68b89b2d4f65cd554d7511bd,07/11/2025 12:00,ON,0,5633.98,69.89,35,29.6,151,0.3,36,0,0.03,338.34,0.03,0,0,1,0.03,0,0.3,0.36,0.318,3600,0,0,0,9,18000,69.89,8.33E-06,7.18E-05,973054.1436,16217.56906,270.2928177,0,0,0,0,1,1,0,0,8.33E-06,8386800,2329.666667,0,0,0,LOW,LOW
VEH_003,68b89b2d4f65cd554d7511bd,07/11/2025 13:00,ON,0,5633.98,69.86,35.4,29.4,152,-0.03,12,0,0.03,338.37,0.03,0,0,1,0.03,0,0.03,0.12,0.057,3600,0,0,0,9,21600,69.86,8.33E-06,6.83E-05,1023530.233,17058.83721,284.3139535,0,0,0,0,1,1,0,0,8.33E-06,8383200,2328.666667,0,0,0,LOW,LOW
VEH_003,68b89b2d4f65cd554d7511bd,07/11/2025 14:00,ON,7.83,5641.8,69.39,35.3,37.2,153,-0.1,28,9.85,0,338.84,0.47,7.82,16.63829787,0,0,9.85,0.1,0.28,0.154,3600,0,11.3669,0,9,25200,69.39,0.000130556,8.69E-05,798460.274,13307.67123,221.7945205,0,0.447757161,0,16.63829787,0,0,0,0,0.002736111,25360.81218,7.044670051,0.060102302,0.725806452,0,LOW,LOW
VEH_003,68b89b2d4f65cd554d7511bd,07/11/2025 15:00,ON,10.22,5652.02,68.78,35.3,38.9,154,-0.27,33,10.57,0,339.45,0.61,10.22,16.75409836,0,0,10.57,0.27,0.33,0.288,3600,0,13.61416,0,9,28800,68.78,0.000169444,9.33E-05,737555.7447,12292.59574,204.8765957,0,0.585176239,0,16.75409836,0,0,0,0,0.002936111,23425.54399,6.507095553,0.059686888,0.133431085,0,LOW,LOW
VEH_003,68b89b2d4f65cd554d7511bd,07/11/2025 16:00,ON,8.37,5660.39,68.27,36.3,38.8,155,0.13,22,10.01,0,339.95,0.51,8.37,16.41176471,0,0,10.01,0.13,0.22,0.157,3600,0,11.58157,0,9,32400,68.27,0.000141667,8.13E-05,839221.4634,13987.02439,233.1170732,0,0.479249033,0,16.41176471,0,0,0,0,0.002780556,24552.64735,6.82017982,0.0609319,0.976539589,0,LOW,LOW
VEH_003,68b89b2d4f65cd554d7511bd,07/11/2025 17:00,ON,14.51,5674.9,67.4,36.5,38.6,156,0.26,16,11.85,0,340.82,0.87,14.51,16.67816092,0,0,11.85,0.26,0.16,0.23,3600,0,14.5755,0,9,36000,67.4,0.000241667,0.000102778,655783.7838,10929.72973,182.1621622,0,0.830812841,0,16.67816092,0,0,0,0,0.003291667,20475.94937,5.687763713,0.059958649,0.410557185,0,LOW,LOW
VEH_003,68b89b2d4f65cd554d7511bd,07/11/2025 18:00,ON,8.97,5683.87,66.87,36,36.4,157,-0.28,46,10.19,0,341.36,0.53,8.97,16.9245283,0,0,10.19,0.28,0.46,0.334,3600,0,13.59346,0,9,39600,66.87,0.000147222,0.000121032,552499.6721,9208.327869,153.4721311,0,0.513603803,0,16.9245283,0,0,0,0,0.002830556,23624.33759,6.562315996,0.059085842,0.061583578,0,LOW,LOW
VEH_003,68b89b2d4f65cd554d7511bd,07/11/2025 19:00,ON,1.53,5685.4,66.77,36.3,29.9,158,-0.23,28,7.96,0,341.45,0.1,1.53,15.3,0,0,7.96,0.23,0.28,0.245,3600,0,9.9102,0,9,43200,66.77,2.78E-05,0.00012381,539296.1538,8988.269231,149.8044872,0,0.087604662,0,15.3,0,0,0,0,0.002211111,30197.48744,8.388190955,0.065359477,0.998533724,0,LOW,LOW
VEH_003,68b89b2d4f65cd554d7511bd,07/11/2025 20:00,ON,7.75,5693.14,66.31,35.9,38.8,159,0.05,33,9.82,0,341.92,0.46,7.74,16.82608696,0,0,9.82,0.05,0.33,0.134,3600,0,11.13588,0,9,46800,66.31,0.000127778,0.000140873,470707.6056,7845.126761,130.7521127,0,0.443176526,0,16.82608696,0,0,0,0,0.002727778,24309.16497,6.752545825,0.059431525,0.086510264,0,LOW,LOW
VEH_003,68b89b2d4f65cd554d7511bd,07/11/2025 21:00,ON,6.28,5699.43,65.93,36.4,33.5,160,0.22,25,9.38,0,342.3,0.38,6.29,16.55263158,0,0,9.38,0.22,0.25,0.229,3600,0,11.52802,0,9,50400,65.93,0.000105556,0.000137302,480183.815,8003.063584,133.3843931,0,0.360152499,0,16.55263158,0,0,0,0,0.002605556,25303.62473,7.028784648,0.060413355,0.928152493,0,LOW,LOW
VEH_003,68b89b2d4f65cd554d7511bd,07/11/2025 22:00,ON,6.8,5706.23,65.52,36.1,39.4,161,0.07,39,9.54,0,342.7,0.41,6.8,16.58536585,0,0,9.54,0.07,0.39,0.166,3600,0,11.12364,0,9,54000,65.52,0.000113889,0.000129365,506473.6196,8441.226994,140.6871166,0,0.389354053,0,16.58536585,0,0,0,0,0.00265,24724.5283,6.867924528,0.060294118,0.900293255,0,LOW,LOW
VEH_003,68b89b2d4f65cd554d7511bd,07/11/2025 23:00,ON,9.65,5715.88,64.95,36.1,33.9,162,0.38,18,10.4,0,343.28,0.57,9.65,16.92982456,0,0,10.4,0.38,0.18,0.32,3600,0,13.728,0,9,57600,64.95,0.000158333,0.000131746,492993.9759,8216.566265,136.9427711,0,0.552539208,0,16.92982456,0,0,0,0,0.002888889,22482.69231,6.245192308,0.059067358,0.060117302,0,LOW,LOW
VEH_003,68b89b2d4f65cd554d7511bd,08/11/2025 0:00,ON,15.54,5731.43,64.01,36.3,38.3,163,-0.34,12,12.16,0,344.22,0.94,15.55,16.54255319,0,0,12.16,0.34,0.12,0.274,3600,0,15.49184,0,9,61200,64.01,0.000261111,0.000134524,475826.5487,7930.442478,132.1740413,0,0.890361108,0,16.54255319,0,0,0,0,0.003377778,18950.32895,5.263980263,0.060450161,0.93255132,0,LOW,LOW
VEH_003,68b89b2d4f65cd554d7511bd,08/11/2025 1:00,ON,20.94,5752.36,62.76,36.1,44.2,164,0.12,37,13.78,0,345.47,1.25,20.93,16.744,0,0,13.78,0.12,0.37,0.195,3600,0,16.4671,0,9,64800,62.76,0.000347222,0.000163095,384805.8394,6413.430657,106.8905109,0,1.198408873,0,16.744,0,0,0,0,0.003827778,16395.93614,4.554426705,0.059722886,0.156891496,0,LOW,LOW
VEH_003,68b89b2d4f65cd554d7511bd,08/11/2025 2:00,ON,15.96,5768.32,61.8,36.5,42.6,165,-0.49,31,12.29,0,346.43,0.96,15.96,16.625,0,0,12.29,0.49,0.31,0.436,3600,0,17.64844,0,9,68400,61.8,0.000266667,0.000197222,313352.1127,5222.535211,87.04225352,0,0.913836867,0,16.625,0,0,0,0,0.003413889,18102.52238,5.028478438,0.060150376,0.788856305,0,LOW,LOW
VEH_003,68b89b2d4f65cd554d7511bd,08/11/2025 3:00,ON,13.32,5781.65,61,36.5,37.4,166,0.32,13,11.5,0,347.23,0.8,13.33,16.6625,0,0,11.5,0.32,0.13,0.263,3600,0,14.5245,0,9,72000,61,0.000222222,0.000210714,289491.5254,4824.858757,80.41431262,0,0.763248461,0,16.6625,0,0,0,0,0.003194444,19095.65217,5.304347826,0.060015004,0.561583578,0,LOW,LOW
VEH_003,68b89b2d4f65cd554d7511bd,08/11/2025 4:00,ON,17.43,5799.08,59.95,36.7,42.1,167,-0.38,33,12.73,0,348.27,1.05,17.43,16.6,0,0,12.73,0.38,0.33,0.365,3600,0,17.37645,0,9,75600,59.95,0.000291667,0.000237302,252632.107,4210.535117,70.17558528,0,0.998006052,0,16.6,0,0,0,0,0.003536111,16953.65279,4.709347997,0.060240964,0.860703812,0,LOW,LOW
VEH_003,68b89b2d4f65cd554d7511bd,08/11/2025 5:00,ON,19.58,5818.65,58.78,36,40.3,168,0.26,9,13.37,0,349.45,1.17,19.57,16.72649573,0,0,13.37,0.26,0.09,0.209,3600,0,16.16433,0,9,79200,58.78,0.000325,0.00026746,219770.9199,3662.848665,61.04747774,0,1.120538063,0,16.72649573,0,0,0,0,0.003713889,15827.07554,4.396409873,0.059785386,0.193548387,0,LOW,LOW
VEH_003,68b89b2d4f65cd554d7511bd,08/11/2025 6:00,ON,18.49,5837.15,57.67,36,37.8,169,0.25,21,13.05,0,350.56,1.11,18.5,16.66666667,0,0,13.05,0.25,0.21,0.238,3600,0,16.1559,0,9,82800,57.67,0.000308333,0.000288889,199626.9231,3327.115385,55.45192308,0,1.059272057,0,16.66666667,0,0,0,0,0.003625,15908.96552,4.419157088,0.06,0.521994135,0,LOW,LOW
VEH_003,68b89b2d4f65cd554d7511bd,08/11/2025 7:00,ON,25.49,5862.63,56.14,35.9,42.5,170,0.21,21,15.15,0,352.09,1.53,25.48,16.65359477,0,0,15.15,0.21,0.21,0.21,3600,0,18.3315,0,9,86400,56.14,0.000425,0.000312302,179762.1347,2996.035578,49.9339263,0,1.458932542,0,16.65359477,0,0,0,0,0.004208333,13340.19802,3.705610561,0.060047096,0.62170088,0,LOW,LOW
VEH_003,68b89b2d4f65cd554d7511bd,08/11/2025 8:00,ON,28.82,5891.46,54.41,35.7,42.5,171,0.15,11,16.15,0,353.82,1.73,28.83,16.66473988,0,0,16.15,0.15,0.11,0.138,3600,0,18.3787,0,9,90000,54.41,0.000480556,0.000331349,164207.4251,2736.790419,45.61317365,0,1.650746671,0,16.66473988,0,0,0,0,0.004486111,12128.54489,3.369040248,0.060006937,0.545454545,0,LOW,LOW
VEH_003,68b89b2d4f65cd554d7511bd,08/11/2025 9:00,ON,21.22,5912.67,53.14,36.5,41.3,172,0.27,22,13.87,0,355.09,1.27,21.21,16.7007874,0,0,13.87,0.27,0.22,0.255,3600,0,17.40685,0,9,93600,53.14,0.000352778,0.000343651,154633.7182,2577.228637,42.95381062,0,1.214441099,0,16.7007874,0,0,0,0,0.003852778,13792.646,3.831290555,0.059877416,0.265395894,0,LOW,LOW
VEH_003,68b89b2d4f65cd554d7511bd,08/11/2025 10:00,ON,20.35,5933.03,51.92,35.7,38.3,173,0.29,28,13.61,0,356.31,1.22,20.36,16.68852459,0,0,13.61,0.29,0.28,0.287,3600,0,17.51607,0,9,97200,51.92,0.000338889,0.000360317,144095.1542,2401.585903,40.02643172,0,1.165771842,0,16.68852459,0,0,0,0,0.003780556,13733.4313,3.814842028,0.059921415,0.329912023,0,LOW,LOW
VEH_003,68b89b2d4f65cd554d7511bd,08/11/2025 11:00,ON,17.13,5950.15,50.89,35.6,38.5,174,-0.37,2,12.64,0,357.34,1.03,17.12,16.62135922,0,0,12.64,0.37,0.02,0.265,3600,0,15.9896,0,9,100800,50.89,0.000286111,0.000359524,141548.3444,2359.139073,39.31898455,0,0.980256088,0,16.62135922,0,0,0,0,0.003511111,14493.98734,4.026107595,0.060163551,0.803519062,0,LOW,LOW
VEH_003,68b89b2d4f65cd554d7511bd,08/11/2025 12:00,ON,24.34,5974.49,49.43,35.9,44.2,175,-0.08,19,14.8,0,358.8,1.46,24.34,16.67123288,0,0,14.8,0.08,0.19,0.113,3600,0,16.4724,0,9,104400,49.43,0.000405556,0.000371032,133223.1016,2220.385027,37.00641711,0,1.39365848,0,16.67123288,0,0,0,0,0.004111111,12023.51351,3.339864865,0.059983566,0.478005865,0,LOW,LOW
VEH_003,68b89b2d4f65cd554d7511bd,08/11/2025 13:00,ON,22.7,5997.19,48.07,35.8,42,176,0.39,14,14.31,0,360.16,1.36,22.7,16.69117647,0,0,14.31,0.39,0.14,0.315,3600,0,18.81765,0,9,108000,48.07,0.000377778,0.000380952,126183.75,2103.0625,35.05104167,0,1.299755443,0,16.69117647,0,0,0,0,0.003975,12093.08176,3.359189378,0.059911894,0.312316716,0,LOW,LOW
VEH_003,68b89b2d4f65cd554d7511bd,08/11/2025 14:00,ON,26.63,6023.83,46.47,35.9,44.3,177,0.06,43,15.49,0,361.76,1.6,26.64,16.65,0,0,15.49,0.06,0.43,0.171,3600,0,18.13879,0,9,111600,46.47,0.000444444,0.00038373,121100.7239,2018.345398,33.63908997,0,1.525351762,0,16.65,0,0,0,0,0.004302778,10800,3,0.06006006,0.659824047,0,LOW,LOW
VEH_003,68b89b2d4f65cd554d7511bd,08/11/2025 15:00,ON,26.21,6050.03,44.9,36.2,43.9,178,0.28,14,15.36,0,363.33,1.57,26.2,16.68789809,0,0,15.36,0.28,0.14,0.238,3600,0,19.01568,0,9,115200,44.9,0.000436111,0.000377381,118977.918,1982.9653,33.04942166,0,1.500158265,0,16.68789809,0,0,0,0,0.004266667,10523.4375,2.923177083,0.059923664,0.335777126,0,MEDIUM,LOW
VEH_003,68b89b2d4f65cd554d7511bd,08/11/2025 16:00,ON,25.46,6075.5,43.37,36.1,44.2,179,0.47,19,15.14,0,364.86,1.53,25.47,16.64705882,0,0,15.14,0.47,0.19,0.386,3600,0,20.98404,0,9,118800,43.37,0.000425,0.000387698,111865.3019,1864.421699,31.07369498,0,1.458359962,0,16.64705882,0,0,0,0,0.004205556,10312.54954,2.864597094,0.060070671,0.677419355,0,MEDIUM,LOW
VEH_003,68b89b2d4f65cd554d7511bd,08/11/2025 17:00,ON,30.21,6105.71,41.56,36,42.7,180,-0.3,21,16.56,0,366.67,1.81,30.21,16.69060773,0,0,16.56,0.3,0.21,0.273,3600,1,21.08088,0,9,122400,41.56,0.000502778,0.000411111,101091.8919,1684.864865,28.08108108,0,1.72976264,0,16.69060773,0,0,0,0,0.0046,9034.782609,2.509661836,0.059913936,0.316715543,0,MEDIUM,LOW
VEH_003,68b89b2d4f65cd554d7511bd,08/11/2025 18:00,ON,31.52,6137.23,39.66,36.7,43.7,181,-0.49,17,16.96,0,368.56,1.9,31.52,16.58947368,0,0,16.96,0.49,0.17,0.394,3600,1,23.64224,0,9,126000,39.66,0.000527778,0.000445635,88996.61621,1483.276937,24.72128228,0,1.804770554,0,16.58947368,0,0,0,0,0.004711111,8418.396226,2.338443396,0.060279188,0.887829912,0,MEDIUM,LOW
VEH_003,68b89b2d4f65cd554d7511bd,08/11/2025 19:00,ON,34.41,6171.63,37.6,36,48,182,0.26,37,17.82,0,370.63,2.06,34.4,16.69902913,0,0,17.82,0.26,0.37,0.293,3600,1,23.04126,0,9,129600,37.6,0.000572222,0.000469444,80094.67456,1334.911243,22.24852071,0,1.969673447,0,16.69902913,0,0,0,0,0.00495,7595.959596,2.109988777,0.059883721,0.269794721,0,MEDIUM,LOW
VEH_003,68b89b2d4f65cd554d7511bd,08/11/2025 20:00,ON,40.93,6212.57,35.14,36.5,47,183,-0.02,27,19.78,0,373.08,2.46,40.94,16.64227642,0,0,19.78,0.02,0.27,0.095,3600,1,21.6591,0,9,133200,35.14,0.000683333,0.000513095,68486.3109,1141.438515,19.02397525,0,2.344140434,0,16.64227642,0,0,0,0,0.005494444,6395.551062,1.776541962,0.060087934,0.709677419,0,MEDIUM,LOW
VEH_003,68b89b2d4f65cd554d7511bd,08/11/2025 21:00,ON,44.17,6256.74,47.39,36.5,46.6,184,-0.15,32,20.75,0,375.73,0,44.17,0,0,0,20.75,0.15,0.32,0.201,3600,1,24.92075,1,10,0,47.39,0,0.000449603,105404.06,1756.734334,29.27890556,0,2.529083609,0,0,0,0,0,0,0.005763889,8221.879518,2.283855422,0,0.018328446,0,LOW,LOW
VEH_003,68b89b2d4f65cd554d7511bd,08/11/2025 22:00,ON,49.36,6306.11,44.43,36.5,52,185,0.32,41,22.31,0,378.7,2.96,49.37,16.67905405,0,0,22.31,0.32,0.41,0.347,3600,1,30.05157,0,10,3600,44.43,0.000822222,0.000504762,88021.69811,1467.028302,24.4504717,0,2.826824944,0,16.67905405,0,0,0,0,0.006197222,7169.341103,1.99148364,0.059955439,0.403225806,0,MEDIUM,LOW
VEH_003,68b89b2d4f65cd554d7511bd,08/11/2025 23:00,ON,44.04,6350.15,41.79,36.1,52.3,186,-0.47,5,20.71,0,381.34,2.64,44.04,16.68181818,0,0,20.71,0.47,0.05,0.344,3600,1,27.83424,0,10,7200,41.79,0.000733333,0.00054881,76146.63774,1269.110629,21.15184382,0,2.521640076,0,16.68181818,0,0,0,0,0.005752778,7264.316755,2.017865765,0.059945504,0.384164223,0,MEDIUM,LOW
VEH_003,68b89b2d4f65cd554d7511bd,09/11/2025 0:00,ON,45.91,6396.06,39.03,36.5,52.5,187,0.16,15,21.27,0,384.09,2.76,45.91,16.63405797,0,0,21.27,0.16,0.15,0.157,3600,1,24.60939,0,10,10800,39.03,0.000766667,0.000586508,66546.41407,1109.106901,18.48511502,0,2.62871244,0,16.63405797,0,0,0,0,0.005908333,6605.923836,1.834978843,0.060117621,0.750733138,0,MEDIUM,LOW
VEH_003,68b89b2d4f65cd554d7511bd,09/11/2025 1:00,ON,46.67,6442.73,36.23,36.7,50.6,188,-0.25,12,21.5,0,386.89,2.8,46.67,16.66785714,0,0,21.5,0.25,0.12,0.211,3600,1,26.0365,0,10,14400,36.23,0.000777778,0.000622222,58226.78571,970.4464286,16.17410714,0,2.672228482,0,16.66785714,0,0,0,0,0.005972222,6066.418605,1.685116279,0.059995715,0.513196481,0,MEDIUM,LOW
VEH_003,68b89b2d4f65cd554d7511bd,09/11/2025 2:00,ON,46.34,6489.07,33.45,37.6,53.7,189,0.37,31,21.4,0,389.67,2.78,46.34,16.66906475,0,0,21.4,0.37,0.31,0.352,3600,1,28.9328,0,10,18000,33.45,0.000772222,0.000650794,51398.78049,856.6463415,14.27743902,0,2.653333358,0,16.66906475,0,0,0,0,0.005944444,5627.102804,1.563084112,0.059991368,0.5,0,MEDIUM,LOW
VEH_003,68b89b2d4f65cd554d7511bd,09/11/2025 3:00,ON,46.31,6535.38,30.67,37.5,49.6,190,-0.3,34,21.39,0,392.45,2.78,46.31,16.65827338,0,0,21.39,0.3,0.34,0.312,3600,1,28.06368,0,10,21600,30.67,0.000772222,0.000663492,46225.11962,770.4186603,12.840311,0,2.65161562,0,16.65827338,0,0,0,0,0.005941667,5161.851332,1.433847592,0.060030231,0.592375367,0,MEDIUM,MEDIUM
VEH_003,68b89b2d4f65cd554d7511bd,09/11/2025 4:00,ON,41.84,6577.22,28.16,37.6,47.2,191,0.46,23,20.05,0,394.96,2.51,41.84,16.66932271,0,0,20.05,0.46,0.23,0.391,3600,1,27.88955,0,10,25200,28.16,0.000697222,0.000763095,36902.34009,615.0390016,10.25065003,0,2.395672588,0,16.66932271,0,0,0,0,0.005569444,5056.159601,1.404488778,0.05999044,0.498533724,0,MEDIUM,MEDIUM
VEH_003,68b89b2d4f65cd554d7511bd,09/11/2025 5:00,ON,40.65,6617.87,25.72,37.7,48.3,192,-0.06,33,19.69,0,397.4,2.44,40.65,16.65983607,0,0,19.69,0.06,0.33,0.141,3600,1,22.46629,0,10,28800,25.72,0.000677778,0.00074246,34641.58204,577.3597007,9.622661678,0,2.327535628,0,16.65983607,0,0,0,0,0.005469444,4702.488573,1.306246826,0.0600246,0.582111437,0,MEDIUM,MEDIUM
VEH_003,68b89b2d4f65cd554d7511bd,09/11/2025 6:00,ON,40.44,6658.31,23.3,38.1,43.6,193,0.09,11,19.63,0,399.83,2.42,40.44,16.7107438,0,0,19.63,0.09,0.11,0.096,3600,1,21.51448,0,10,32400,23.3,0.000672222,0.00073373,31755.54354,529.259059,8.820984316,0,2.315511459,0,16.7107438,0,0,0,0,0.005452778,4273.051452,1.186958737,0.059841741,0.230205279,0,HIGH,MEDIUM
VEH_003,68b89b2d4f65cd554d7511bd,09/11/2025 7:00,ON,38.58,6696.88,20.98,37.9,48.9,194,-0.09,29,19.07,0,402.14,2.32,38.57,16.625,0,0,19.07,0.09,0.29,0.15,3600,1,21.9305,0,10,36000,20.98,0.000644444,0.00071627,29290.63712,488.1772853,8.136288089,0,2.208439094,0,16.625,0,0,0,0,0.005297222,3960.566335,1.100157315,0.060150376,0.790322581,0,HIGH,MEDIUM
VEH_003,68b89b2d4f65cd554d7511bd,09/11/2025 8:00,ON,33.45,6730.34,18.98,37.6,46.3,195,-0.01,46,17.54,0,404.15,2,33.46,16.73,0,0,17.54,0.01,0.46,0.145,3600,1,20.0833,0,10,39600,18.98,0.000555556,0.000684524,27727.30435,462.1217391,7.702028986,0,1.915850975,0,16.73,0,0,0,0,0.004872222,3895.553022,1.082098062,0.059772863,0.184750733,0,HIGH,MEDIUM
VEH_003,68b89b2d4f65cd554d7511bd,09/11/2025 9:00,ON,34.94,6765.27,16.88,37.5,46.6,196,-0.19,27,17.98,0,406.25,2.1,34.93,16.63333333,0,0,17.98,0.19,0.27,0.214,3600,1,21.82772,0,10,43200,16.88,0.000583333,0.00065754,25671.45444,427.8575739,7.130959565,0,2.00002016,0,16.63333333,0,0,0,0,0.004994444,3379.755284,0.938820912,0.06012024,0.755131965,0,HIGH,MEDIUM
VEH_003,68b89b2d4f65cd554d7511bd,09/11/2025 10:00,ON,31.07,6796.34,15.01,37.2,43.5,197,0.47,46,16.82,0,408.11,1.87,31.07,16.61497326,0,0,16.82,0.47,0.46,0.467,3600,1,24.67494,0,10,46800,15.01,0.000519444,0.000621429,24154.02299,402.5670498,6.70945083,0,1.779004477,0,16.61497326,0,0,0,0,0.004672222,3212.604043,0.892390012,0.060186675,0.825513196,0,HIGH,MEDIUM
VEH_003,68b89b2d4f65cd554d7511bd,09/11/2025 11:00,ON,26.82,6823.17,13.41,37.4,48.3,198,-0.35,4,15.55,0,409.72,1.6,26.83,16.76875,0,0,15.55,0.35,0.04,0.257,3600,0,19.54635,0,10,50400,13.41,0.000444444,0.000585317,22910.64407,381.8440678,6.364067797,0,1.536230773,0,16.76875,0,0,0,0,0.004319444,3104.565916,0.862379421,0.059634737,0.108504399,0,HIGH,MEDIUM
VEH_003,68b89b2d4f65cd554d7511bd,09/11/2025 12:00,ON,22.8,6845.97,12.04,37.1,44.2,199,-0.03,48,14.34,0,411.09,1.37,22.8,16.64233577,0,0,14.34,0.03,0.48,0.165,3600,0,16.7061,0,10,54000,12.04,0.000380556,0.000542857,22178.94737,369.6491228,6.160818713,0,1.305481238,0,16.64233577,0,0,0,0,0.003983333,3022.594142,0.839609484,0.060087719,0.708211144,0,HIGH,MEDIUM
VEH_003,68b89b2d4f65cd554d7511bd,09/11/2025 13:00,ON,26.09,6872.06,10.47,37.6,41.9,200,0.49,8,15.33,0,412.65,1.57,26.09,16.61783439,0,0,15.33,0.49,0.08,0.367,3600,0,20.95611,0,10,57600,10.47,0.000436111,0.000509127,20564.61419,342.7435698,5.712392829,0,1.49385989,0,16.61783439,0,0,0,0,0.004258333,2458.708415,0.68297456,0.060176313,0.815249267,0,HIGH,MEDIUM
VEH_003,68b89b2d4f65cd554d7511bd,09/11/2025 14:00,ON,26.59,6898.64,8.88,37.6,45.1,201,-0.18,48,15.48,0,414.25,1.59,26.58,16.71698113,0,0,15.48,0.18,0.48,0.27,3600,0,19.6596,0,10,61200,8.88,0.000441667,0.000480159,18493.8843,308.231405,5.137190083,0,1.521916285,0,16.71698113,0,0,0,0,0.0043,2065.116279,0.573643411,0.059819413,0.206744868,0,HIGH,MEDIUM
VEH_003,68b89b2d4f65cd554d7511bd,09/11/2025 15:00,ON,27.94,6926.59,7.2,37.6,39.9,202,0.02,22,15.88,0,415.93,1.68,27.95,16.63690476,0,0,15.88,0.02,0.22,0.08,3600,0,17.1504,0,10,64800,7.2,0.000466667,0.00046746,15402.37691,256.7062818,4.278438031,0,1.600359676,0,16.63690476,0,0,0,0,0.004411111,1632.241814,0.453400504,0.060107335,0.737536657,0,HIGH,HIGH
VEH_003,68b89b2d4f65cd554d7511bd,09/11/2025 16:00,ON,30.61,6957.2,36.52,37.8,42.2,203,0.17,49,16.68,0,417.76,0,30.61,0,0,0,16.68,0.17,0.49,0.266,3600,1,21.11688,1,11,0,36.52,0,0.000384127,95072.72727,1584.545455,26.40909091,0,1.75266582,0,0,0,0,0,0,0.004633333,7882.014388,2.189448441,0,0.018328446,0,MEDIUM,LOW
VEH_003,68b89b2d4f65cd554d7511bd,09/11/2025 17:00,ON,25.63,6982.82,34.98,38.1,45,204,0.48,42,15.19,0,419.3,1.54,25.62,16.63636364,0,0,15.19,0.48,0.42,0.462,3600,0,22.20778,0,11,3600,34.98,0.000427778,0.000371032,94277.64706,1571.294118,26.18823529,0,1.466948654,0,16.63636364,0,0,0,0,0.004219444,8290.190915,2.30283081,0.06010929,0.740469208,0,MEDIUM,LOW
VEH_003,68b89b2d4f65cd554d7511bd,09/11/2025 18:00,ON,28.56,7011.38,33.27,37.6,44.4,205,-0.47,7,16.07,0,421.01,1.71,28.56,16.70175439,0,0,16.07,0.47,0.07,0.35,3600,0,21.6945,0,11,7200,33.27,0.000475,0.000375397,88626.21564,1477.103594,24.61839323,0,1.635287025,0,16.70175439,0,0,0,0,0.004463889,7453.142502,2.070317362,0.05987395,0.260997067,0,MEDIUM,LOW
VEH_003,68b89b2d4f65cd554d7511bd,09/11/2025 19:00,ON,33.29,7044.67,31.27,38,47.5,206,-0.15,1,17.49,0,423.01,2,33.29,16.645,0,0,17.49,0.15,0.01,0.108,3600,1,19.37892,0,11,10800,31.27,0.000555556,0.000400397,78097.5223,1301.625372,21.69375619,0,1.906117123,0,16.645,0,0,0,0,0.004858333,6436.363636,1.787878788,0.060078102,0.693548387,0,MEDIUM,LOW
VEH_003,68b89b2d4f65cd554d7511bd,09/11/2025 20:00,ON,41.28,7085.94,28.8,38.7,50.4,207,0.28,12,19.88,0,425.49,2.47,41.27,16.70850202,0,0,19.88,0.28,0.12,0.232,3600,1,24.49216,0,11,14400,28.8,0.000686111,0.000436111,66038.21656,1100.636943,18.34394904,0,2.363035557,0,16.70850202,0,0,0,0,0.005522222,5215.291751,1.448692153,0.05984977,0.239002933,0,MEDIUM,MEDIUM
VEH_003,68b89b2d4f65cd554d7511bd,09/11/2025 21:00,ON,37.9,7123.84,26.52,38.6,49.1,208,0.38,22,18.87,0,427.76,2.28,37.9,16.62280702,0,0,18.87,0.38,0.22,0.332,3600,1,25.13484,0,11,18000,26.52,0.000633333,0.000463492,57217.80822,953.630137,15.89383562,0,2.170076269,0,16.62280702,0,0,0,0,0.005241667,5059.459459,1.405405405,0.060158311,0.796187683,0,MEDIUM,MEDIUM
VEH_003,68b89b2d4f65cd554d7511bd,09/11/2025 22:00,ON,36.86,7160.7,24.31,38.6,46.1,209,-0.18,11,18.56,0,429.97,2.21,36.86,16.67873303,0,0,18.56,0.18,0.11,0.159,3600,1,21.51104,0,11,21600,24.31,0.000613889,0.000484524,50172.97297,836.2162162,13.93693694,0,2.110528002,0,16.67873303,0,0,0,0,0.005155556,4715.301724,1.309806034,0.059956593,0.406158358,0,HIGH,MEDIUM
VEH_003,68b89b2d4f65cd554d7511bd,09/11/2025 23:00,ON,38.62,7199.33,21.99,38.6,52.6,210,0.05,34,19.09,0,432.29,2.32,38.63,16.65086207,0,0,19.09,0.05,0.34,0.137,3600,1,21.70533,0,11,25200,21.99,0.000644444,0.000576587,38138.19683,635.6366139,10.59394357,0,2.211874571,0,16.65086207,0,0,0,0,0.005302778,4146.883185,1.151911996,0.060056951,0.656158358,0,HIGH,MEDIUM
VEH_003,68b89b2d4f65cd554d7511bd,10/11/2025 0:00,ON,34.26,7233.58,19.94,39,48.4,211,-0.04,2,17.78,0,434.35,2.05,34.25,16.70731707,0,0,17.78,0.04,0.02,0.034,3600,1,18.38452,0,11,28800,19.94,0.000569444,0.000596825,33410.10638,556.8351064,9.280585106,0,1.961084755,0,16.70731707,0,0,0,0,0.004938889,4037.345332,1.121484814,0.059854015,0.241935484,0,HIGH,MEDIUM
VEH_003,68b89b2d4f65cd554d7511bd,10/11/2025 1:00,ON,34.94,7268.52,17.84,39.6,41.8,212,-0.02,42,17.98,0,436.44,2.1,34.94,16.63809524,0,0,17.98,0.02,0.42,0.14,3600,1,20.4972,0,11,32400,17.84,0.000583333,0.000612302,29135.96889,485.5994815,8.093324692,0,2.000592739,0,16.63809524,0,0,0,0,0.004994444,3571.968854,0.992213571,0.060103034,0.731671554,0,HIGH,MEDIUM
VEH_003,68b89b2d4f65cd554d7511bd,10/11/2025 2:00,ON,39.17,7307.69,15.49,39.7,49.1,213,-0.26,10,19.25,0,438.79,2.35,39.17,16.66808511,0,0,19.25,0.26,0.1,0.212,3600,1,23.331,0,11,36000,15.49,0.000652778,0.00062619,24736.88213,412.2813688,6.871356147,0,2.242793864,0,16.66808511,0,0,0,0,0.005347222,2896.831169,0.804675325,0.059994894,0.511730205,0,HIGH,MEDIUM
VEH_003,68b89b2d4f65cd554d7511bd,10/11/2025 3:00,ON,37.26,7344.95,13.26,39.8,47.6,214,0.02,45,18.68,0,441.03,2.23,37.26,16.70852018,0,0,18.68,0.02,0.45,0.149,3600,1,21.46332,0,11,39600,13.26,0.000619444,0.000616667,21502.7027,358.3783784,5.972972973,0,2.133431181,0,16.70852018,0,0,0,0,0.005188889,2555.460385,0.709850107,0.059849705,0.237536657,0,HIGH,MEDIUM
VEH_003,68b89b2d4f65cd554d7511bd,10/11/2025 4:00,ON,34.17,7379.12,11.21,39.4,49.5,215,-0.23,3,17.75,0,443.08,2.05,34.17,16.66829268,0,0,17.75,0.23,0.03,0.17,3600,1,20.7675,0,11,43200,11.21,0.000569444,0.00060754,18451.46963,307.5244938,5.12540823,0,1.956504119,0,16.66829268,0,0,0,0,0.004930556,2273.577465,0.631549296,0.059994147,0.51026393,0,HIGH,MEDIUM
VEH_003,68b89b2d4f65cd554d7511bd,10/11/2025 5:00,ON,39.34,7418.46,8.85,39.7,45.9,216,-0.2,48,19.3,0,445.44,2.36,39.34,16.66949153,0,0,19.3,0.2,0.48,0.284,3600,1,24.7812,0,11,46800,8.85,0.000655556,0.000613492,14425.61449,240.4269082,4.007115136,0,2.252527715,0,16.66949153,0,0,0,0,0.005361111,1650.777202,0.458549223,0.059989832,0.497067449,0,HIGH,HIGH
VEH_003,68b89b2d4f65cd554d7511bd,10/11/2025 6:00,ON,40.42,7458.88,6.42,39.9,48.2,217,-0.46,41,19.63,0,447.86,2.43,40.42,16.63374486,0,0,19.63,0.46,0.41,0.445,3600,1,28.36535,0,11,50400,6.42,0.000675,0.000617857,10390.75145,173.1791908,2.886319846,0,2.3143663,0,16.63374486,0,0,0,0,0.005452778,1177.381559,0.327050433,0.060118753,0.752199413,0,HIGH,HIGH
VEH_003,68b89b2d4f65cd554d7511bd,10/11/2025 7:00,ON,34.22,7493.1,63.51,40.4,52.1,218,0.29,14,17.77,0,449.92,0,34.22,0,0,0,17.77,0.29,0.14,0.245,3600,1,22.12365,1,12,0,63.51,0,0.000536508,118376.6272,1972.943787,32.88239645,0,1.959367016,0,0,0,0,0,0,0.004936111,12866.40405,3.574001125,0,0.018328446,0,LOW,LOW
VEH_003,68b89b2d4f65cd554d7511bd,10/11/2025 8:00,ON,35.99,7529.09,61.35,40.6,49.1,219,0.4,15,18.3,0,452.08,2.16,35.99,16.66203704,0,0,18.3,0.4,0.15,0.325,3600,1,24.2475,0,12,3600,61.35,0.0006,0.000538889,113845.3608,1897.42268,31.62371134,0,2.060713586,0,16.66203704,0,0,0,0,0.005083333,12068.85246,3.352459016,0.060016671,0.565982405,0,LOW,LOW
VEH_003,68b89b2d4f65cd554d7511bd,10/11/2025 9:00,ON,36.9,7565.99,59.13,40.5,49.2,220,0.35,38,18.57,0,454.29,2.22,36.9,16.62162162,0,0,18.57,0.35,0.38,0.359,3600,1,25.23663,0,12,7200,59.13,0.000616667,0.00053373,110786.3197,1846.438662,30.7739777,0,2.11281832,0,16.62162162,0,0,0,0,0.005158333,11463.00485,3.184168013,0.060162602,0.802052786,0,LOW,LOW
VEH_003,68b89b2d4f65cd554d7511bd,10/11/2025 10:00,ON,39.58,7605.57,56.76,40.1,45.3,221,0.09,46,19.37,0,456.66,2.37,39.58,16.70042194,0,0,19.37,0.09,0.46,0.201,3600,1,23.26337,0,12,10800,56.76,0.000658333,0.000539286,105250.3311,1754.172185,29.23620309,0,2.266269623,0,16.70042194,0,0,0,0,0.005380556,10549.09654,2.930304595,0.059878727,0.26686217,0,LOW,LOW
VEH_003,68b89b2d4f65cd554d7511bd,10/11/2025 11:00,ON,35.34,7640.91,54.64,41,52.2,222,-0.32,36,18.1,0,458.78,2.12,35.34,16.66981132,0,0,18.1,0.32,0.36,0.332,3600,1,24.1092,0,12,14400,54.64,0.000588889,0.000542063,100800,1680,28,0,2.023495919,0,16.66981132,0,0,0,0,0.005027778,10867.62431,3.01878453,0.059988681,0.492668622,0,LOW,LOW
VEH_003,68b89b2d4f65cd554d7511bd,10/11/2025 12:00,ON,37.61,7678.53,52.38,40.2,42.9,223,-0.11,24,18.78,0,461.04,2.26,37.62,16.6460177,0,0,18.78,0.11,0.24,0.149,3600,1,21.57822,0,12,18000,52.38,0.000627778,0.000538095,97343.36283,1622.389381,27.03982301,0,2.154044043,0,16.6460177,0,0,0,0,0.005216667,10040.89457,2.78913738,0.060074428,0.684750733,0,LOW,LOW
VEH_003,68b89b2d4f65cd554d7511bd,10/11/2025 13:00,ON,45.42,7723.95,49.66,40.3,47.2,224,-0.07,38,21.13,0,463.77,2.72,45.42,16.69852941,0,0,21.13,0.07,0.38,0.163,3600,1,24.57419,0,12,21600,49.66,0.000755556,0.000549603,90356.10108,1505.935018,25.09891697,0,2.600656045,0,16.69852941,0,0,0,0,0.005869444,8460.766682,2.350212967,0.059885513,0.274193548,0,LOW,LOW
VEH_003,68b89b2d4f65cd554d7511bd,10/11/2025 14:00,ON,49.01,7772.96,46.72,41,52.9,225,0.1,37,22.2,0,466.71,2.94,49.01,16.67006803,0,0,22.2,0.1,0.37,0.181,3600,1,26.2182,0,12,25200,46.72,0.000816667,0.00066627,70121.73913,1168.695652,19.47826087,0,2.806212082,0,16.67006803,0,0,0,0,0.006166667,7576.216216,2.104504505,0.059987758,0.48973607,0,LOW,LOW
VEH_003,68b89b2d4f65cd554d7511bd,10/11/2025 15:00,ON,50.27,7823.23,43.7,40.8,48,226,-0.15,3,22.58,0,469.72,3.02,50.27,16.64569536,0,0,22.58,0.15,0.03,0.114,3600,1,25.15412,0,12,28800,43.7,0.000838889,0.000700397,62393.20113,1039.886686,17.33144476,0,2.878357098,0,16.64569536,0,0,0,0,0.006272222,6967.227635,1.93534101,0.060075592,0.687683284,0,MEDIUM,LOW
VEH_003,68b89b2d4f65cd554d7511bd,10/11/2025 16:00,ON,49.34,7872.57,40.74,40.5,49.1,227,0.14,7,22.3,0,472.68,2.96,49.34,16.66891892,0,0,22.3,0.14,0.07,0.119,3600,1,24.9537,0,12,32400,40.74,0.000822222,0.000729762,55826.42741,930.4404568,15.50734095,0,2.825107206,0,16.66891892,0,0,0,0,0.006194444,6576.860987,1.82690583,0.059991893,0.502932551,0,MEDIUM,LOW
VEH_003,68b89b2d4f65cd554d7511bd,10/11/2025 17:00,ON,55.43,7928,37.41,40.6,49.4,228,0.17,22,24.13,0,476.01,3.33,55.43,16.64564565,0,0,24.13,0.17,0.22,0.185,3600,1,28.59405,0,12,36000,37.41,0.000925,0.000767857,48720,812,13.53333333,0,3.173808115,0,16.64564565,0,0,0,0,0.006702778,5581.268131,1.550352259,0.060075771,0.68914956,0,MEDIUM,LOW
VEH_003,68b89b2d4f65cd554d7511bd,10/11/2025 18:00,ON,53.48,7981.48,34.2,40.1,46.8,229,0.08,35,23.54,0,479.22,3.21,53.48,16.66043614,0,0,23.54,0.08,0.35,0.161,3600,1,27.32994,0,12,39600,34.2,0.000891667,0.000811111,42164.38356,702.739726,11.71232877,0,3.062155115,0,16.66043614,0,0,0,0,0.006538889,5230.246389,1.452846219,0.060022438,0.57771261,0,MEDIUM,MEDIUM
VEH_003,68b89b2d4f65cd554d7511bd,10/11/2025 19:00,ON,60.87,8042.34,30.55,39.8,53.2,230,-0.08,15,25.76,0,482.87,3.65,60.86,16.6739726,0,0,25.76,0.08,0.15,0.101,3600,1,28.36176,0,12,43200,30.55,0.001013889,0.00086627,35266.1475,587.7691251,9.796152084,0,3.484718778,0,16.6739726,0,0,0,0,0.007155556,4269.409938,1.185947205,0.05997371,0.45601173,0,MEDIUM,MEDIUM
VEH_003,68b89b2d4f65cd554d7511bd,10/11/2025 20:00,ON,52.89,8095.23,27.38,39.3,45.7,231,-0.38,39,23.37,0,486.04,3.17,52.89,16.68454259,0,0,23.37,0.38,0.39,0.383,3600,1,32.32071,0,12,46800,27.38,0.000880556,0.000884127,30968.40215,516.1400359,8.602333932,0,3.028372925,0,16.68454259,0,0,0,0,0.006491667,4217.715019,1.171587505,0.059935716,0.368035191,0,MEDIUM,MEDIUM
VEH_003,68b89b2d4f65cd554d7511bd,10/11/2025 21:00,ON,45.21,8140.44,24.67,39.1,51.1,232,-0.41,21,21.06,0,488.76,2.71,45.21,16.68265683,0,0,21.06,0.41,0.21,0.35,3600,1,28.431,0,12,50400,24.67,0.000752778,0.000875,28194.28571,469.9047619,7.831746032,0,2.588631876,0,16.68265683,0,0,0,0,0.00585,4217.094017,1.171415005,0.059942491,0.37829912,0,HIGH,MEDIUM
VEH_003,68b89b2d4f65cd554d7511bd,10/11/2025 22:00,ON,38.63,8179.07,22.35,38.7,48.3,233,0.21,13,19.09,0,491.07,2.32,38.63,16.65086207,0,0,19.09,0.21,0.13,0.186,3600,1,22.64074,0,12,54000,22.35,0.000644444,0.000847222,26380.32787,439.6721311,7.327868852,0,2.211874571,0,16.65086207,0,0,0,0,0.005302778,4214.772132,1.170770037,0.060056951,0.656158358,0,HIGH,MEDIUM
VEH_003,68b89b2d4f65cd554d7511bd,10/11/2025 23:00,ON,32.52,8211.59,20.4,38.9,41.3,234,-0.26,0,17.25,0,493.03,1.95,32.52,16.67692308,0,0,17.25,0.26,0,0.182,3600,1,20.3895,0,12,57600,20.4,0.000541667,0.000807143,25274.33628,421.2389381,7.020648968,0,1.862028503,0,16.67692308,0,0,0,0,0.004791667,4257.391304,1.182608696,0.0599631,0.423753666,0,HIGH,MEDIUM
